/*
SQLyog Enterprise v12.08 (64 bit)
MySQL - 5.7.14 : Database - zqjj
*********************************************************************
*/

/*!40101 SET NAMES utf8 */;

/*!40101 SET SQL_MODE=''*/;

/*!40014 SET @OLD_UNIQUE_CHECKS=@@UNIQUE_CHECKS, UNIQUE_CHECKS=0 */;
/*!40014 SET @OLD_FOREIGN_KEY_CHECKS=@@FOREIGN_KEY_CHECKS, FOREIGN_KEY_CHECKS=0 */;
/*!40101 SET @OLD_SQL_MODE=@@SQL_MODE, SQL_MODE='NO_AUTO_VALUE_ON_ZERO' */;
/*!40111 SET @OLD_SQL_NOTES=@@SQL_NOTES, SQL_NOTES=0 */;
CREATE DATABASE /*!32312 IF NOT EXISTS*/`zqjj` /*!40100 DEFAULT CHARACTER SET utf8mb4 */;

USE `zqjj`;

/*Table structure for table `t_city` */

DROP TABLE IF EXISTS `t_city`;

CREATE TABLE `t_city` (
  `CITY_ID` int(11) NOT NULL AUTO_INCREMENT COMMENT '市编号',
  `CITY_NAME` varchar(50) DEFAULT NULL COMMENT '市名称',
  `ZIP_CODE` varchar(50) DEFAULT NULL COMMENT '邮编',
  `AREA_CODE` varchar(50) DEFAULT NULL COMMENT '区号',
  `PROVINCE_ID` int(11) DEFAULT NULL COMMENT '省编号',
  PRIMARY KEY (`CITY_ID`) USING BTREE
) ENGINE=MyISAM AUTO_INCREMENT=346 DEFAULT CHARSET=utf8mb4 ROW_FORMAT=DYNAMIC COMMENT='市表';

/*Data for the table `t_city` */

insert  into `t_city`(`CITY_ID`,`CITY_NAME`,`ZIP_CODE`,`AREA_CODE`,`PROVINCE_ID`) values (1,'北京市','100000','010',1),(2,'天津市','100000','022',2),(3,'石家庄市','050000','0311',3),(4,'唐山市','063000','0315',3),(5,'秦皇岛市','066000','0335',3),(6,'邯郸市','056000','0310',3),(7,'邢台市','054000','0319',3),(8,'保定市','071000','0312',3),(9,'张家口市','075000','0313',3),(10,'承德市','067000','0314',3),(11,'沧州市','061000','0317',3),(12,'廊坊市','065000','0316',3),(13,'衡水市','053000','0318',3),(14,'太原市','030000','0351',4),(15,'大同市','037000','0352',4),(16,'阳泉市','045000','0353',4),(17,'长治市','046000','0355',4),(18,'晋城市','048000','0356',4),(19,'朔州市','036000','0349',4),(20,'晋中市','030600','0354',4),(21,'运城市','044000','0359',4),(22,'忻州市','034000','0350',4),(23,'临汾市','041000','0357',4),(24,'吕梁市','030500','0358',4),(25,'呼和浩特市','010000','0471',5),(26,'包头市','014000','0472',5),(27,'乌海市','016000','0473',5),(28,'赤峰市','024000','0476',5),(29,'通辽市','028000','0475',5),(30,'鄂尔多斯市','010300','0477',5),(31,'呼伦贝尔市','021000','0470',5),(32,'巴彦淖尔市','014400','0478',5),(33,'乌兰察布市','011800','0474',5),(34,'兴安盟','137500','0482',5),(35,'锡林郭勒盟','011100','0479',5),(36,'阿拉善盟','016000','0483',5),(37,'沈阳市','110000','024',6),(38,'大连市','116000','0411',6),(39,'鞍山市','114000','0412',6),(40,'抚顺市','113000','0413',6),(41,'本溪市','117000','0414',6),(42,'丹东市','118000','0415',6),(43,'锦州市','121000','0416',6),(44,'营口市','115000','0417',6),(45,'阜新市','123000','0418',6),(46,'辽阳市','111000','0419',6),(47,'盘锦市','124000','0427',6),(48,'铁岭市','112000','0410',6),(49,'朝阳市','122000','0421',6),(50,'葫芦岛市','125000','0429',6),(51,'长春市','130000','0431',7),(52,'吉林市','132000','0432',7),(53,'四平市','136000','0434',7),(54,'辽源市','136200','0437',7),(55,'通化市','134000','0435',7),(56,'白山市','134300','0439',7),(57,'松原市','131100','0438',7),(58,'白城市','137000','0436',7),(59,'延边朝鲜族自治州','133000','0433',7),(60,'哈尔滨市','150000','0451',8),(61,'齐齐哈尔市','161000','0452',8),(62,'鸡西市','158100','0467',8),(63,'鹤岗市','154100','0468',8),(64,'双鸭山市','155100','0469',8),(65,'大庆市','163000','0459',8),(66,'伊春市','152300','0458',8),(67,'佳木斯市','154000','0454',8),(68,'七台河市','154600','0464',8),(69,'牡丹江市','157000','0453',8),(70,'黑河市','164300','0456',8),(71,'绥化市','152000','0455',8),(72,'大兴安岭地区','165000','0457',8),(73,'上海市','200000','021',9),(74,'南京市','210000','025',10),(75,'无锡市','214000','0510',10),(76,'徐州市','221000','0516',10),(77,'常州市','213000','0519',10),(78,'苏州市','215000','0512',10),(79,'南通市','226000','0513',10),(80,'连云港市','222000','0518',10),(81,'淮安市','223200','0517',10),(82,'盐城市','224000','0515',10),(83,'扬州市','225000','0514',10),(84,'镇江市','212000','0511',10),(85,'泰州市','225300','0523',10),(86,'宿迁市','223800','0527',10),(87,'杭州市','310000','0571',11),(88,'宁波市','315000','0574',11),(89,'温州市','325000','0577',11),(90,'嘉兴市','314000','0573',11),(91,'湖州市','313000','0572',11),(92,'绍兴市','312000','0575',11),(93,'金华市','321000','0579',11),(94,'衢州市','324000','0570',11),(95,'舟山市','316000','0580',11),(96,'台州市','318000','0576',11),(97,'丽水市','323000','0578',11),(98,'合肥市','230000','0551',12),(99,'芜湖市','241000','0553',12),(100,'蚌埠市','233000','0552',12),(101,'淮南市','232000','0554',12),(102,'马鞍山市','243000','0555',12),(103,'淮北市','235000','0561',12),(104,'铜陵市','244000','0562',12),(105,'安庆市','246000','0556',12),(106,'黄山市','242700','0559',12),(107,'滁州市','239000','0550',12),(108,'阜阳市','236100','0558',12),(109,'宿州市','234100','0557',12),(110,'巢湖市','238000','0565',12),(111,'六安市','237000','0564',12),(112,'亳州市','236800','0558',12),(113,'池州市','247100','0566',12),(114,'宣城市','366000','0563',12),(115,'福州市','350000','0591',13),(116,'厦门市','361000','0592',13),(117,'莆田市','351100','0594',13),(118,'三明市','365000','0598',13),(119,'泉州市','362000','0595',13),(120,'漳州市','363000','0596',13),(121,'南平市','353000','0599',13),(122,'龙岩市','364000','0597',13),(123,'宁德市','352100','0593',13),(124,'南昌市','330000','0791',14),(125,'景德镇市','333000','0798',14),(126,'萍乡市','337000','0799',14),(127,'九江市','332000','0792',14),(128,'新余市','338000','0790',14),(129,'鹰潭市','335000','0701',14),(130,'赣州市','341000','0797',14),(131,'吉安市','343000','0796',14),(132,'宜春市','336000','0795',14),(133,'抚州市','332900','0794',14),(134,'上饶市','334000','0793',14),(135,'济南市','250000','0531',15),(136,'青岛市','266000','0532',15),(137,'淄博市','255000','0533',15),(138,'枣庄市','277100','0632',15),(139,'东营市','257000','0546',15),(140,'烟台市','264000','0535',15),(141,'潍坊市','261000','0536',15),(142,'济宁市','272100','0537',15),(143,'泰安市','271000','0538',15),(144,'威海市','265700','0631',15),(145,'日照市','276800','0633',15),(146,'莱芜市','271100','0634',15),(147,'临沂市','276000','0539',15),(148,'德州市','253000','0534',15),(149,'聊城市','252000','0635',15),(150,'滨州市','256600','0543',15),(151,'荷泽市','255000','0530',15),(152,'郑州市','450000','0371',16),(153,'开封市','475000','0378',16),(154,'洛阳市','471000','0379',16),(155,'平顶山市','467000','0375',16),(156,'安阳市','454900','0372',16),(157,'鹤壁市','456600','0392',16),(158,'新乡市','453000','0373',16),(159,'焦作市','454100','0391',16),(160,'濮阳市','457000','0393',16),(161,'许昌市','461000','0374',16),(162,'漯河市','462000','0395',16),(163,'三门峡市','472000','0398',16),(164,'南阳市','473000','0377',16),(165,'商丘市','476000','0370',16),(166,'信阳市','464000','0376',16),(167,'周口市','466000','0394',16),(168,'驻马店市','463000','0396',16),(169,'武汉市','430000','027',17),(170,'黄石市','435000','0714',17),(171,'十堰市','442000','0719',17),(172,'宜昌市','443000','0717',17),(173,'襄樊市','441000','0710',17),(174,'鄂州市','436000','0711',17),(175,'荆门市','448000','0724',17),(176,'孝感市','432100','0712',17),(177,'荆州市','434000','0716',17),(178,'黄冈市','438000','0713',17),(179,'咸宁市','437000','0715',17),(180,'随州市','441300','0722',17),(181,'恩施土家族苗族自治州','445000','0718',17),(182,'神农架','442400','0719',17),(183,'长沙市','410000','0731',18),(184,'株洲市','412000','0731',18),(185,'湘潭市','411100','0731',18),(186,'衡阳市','421000','0734',18),(187,'邵阳市','422000','0739',18),(188,'岳阳市','414000','0730',18),(189,'常德市','415000','0736',18),(190,'张家界市','427000','0744',18),(191,'益阳市','413000','0737',18),(192,'郴州市','423000','0735',18),(193,'永州市','425000','0746',18),(194,'怀化市','418000','0745',18),(195,'娄底市','417000','0738',18),(196,'湘西土家族苗族自治州','416000','0743',18),(197,'广州市','510000','020',19),(198,'韶关市','521000','0751',19),(199,'深圳市','518000','0755',19),(200,'珠海市','519000','0756',19),(201,'汕头市','515000','0754',19),(202,'佛山市','528000','0757',19),(203,'江门市','529000','0750',19),(204,'湛江市','524000','0759',19),(205,'茂名市','525000','0668',19),(206,'肇庆市','526000','0758',19),(207,'惠州市','516000','0752',19),(208,'梅州市','514000','0753',19),(209,'汕尾市','516600','0660',19),(210,'河源市','517000','0762',19),(211,'阳江市','529500','0662',19),(212,'清远市','511500','0763',19),(213,'东莞市','511700','0769',19),(214,'中山市','528400','0760',19),(215,'潮州市','515600','0768',19),(216,'揭阳市','522000','0663',19),(217,'云浮市','527300','0766',19),(218,'南宁市','530000','0771',20),(219,'柳州市','545000','0772',20),(220,'桂林市','541000','0773',20),(221,'梧州市','543000','0774',20),(222,'北海市','536000','0779',20),(223,'防城港市','538000','0770',20),(224,'钦州市','535000','0777',20),(225,'贵港市','537100','0775',20),(226,'玉林市','537000','0775',20),(227,'百色市','533000','0776',20),(228,'贺州市','542800','0774',20),(229,'河池市','547000','0778',20),(230,'来宾市','546100','0772',20),(231,'崇左市','532200','0771',20),(232,'海口市','570000','0898',21),(233,'三亚市','572000','0899',21),(234,'重庆市','400000','023',22),(235,'成都市','610000','028',23),(236,'自贡市','643000','0813',23),(237,'攀枝花市','617000','0812',23),(238,'泸州市','646100','0830',23),(239,'德阳市','618000','0838',23),(240,'绵阳市','621000','0816',23),(241,'广元市','628000','0839',23),(242,'遂宁市','629000','0825',23),(243,'内江市','641000','0832',23),(244,'乐山市','614000','0833',23),(245,'南充市','637000','0817',23),(246,'眉山市','612100','028',23),(247,'宜宾市','644000','0831',23),(248,'广安市','638000','0826',23),(249,'达州市','635000','0818',23),(250,'雅安市','625000','0835',23),(251,'巴中市','635500','0827',23),(252,'资阳市','641300','028',23),(253,'阿坝藏族羌族自治州','624600','0837',23),(254,'甘孜藏族自治州','626000','0836',23),(255,'凉山彝族自治州','615000','0834',23),(256,'贵阳市','55000','0851',24),(257,'六盘水市','553000','0858',24),(258,'遵义市','563000','0852',24),(259,'安顺市','561000','0853',24),(260,'铜仁地区','554300','0856',24),(261,'黔西南布依族苗族自治州','551500','0859',24),(262,'毕节地区','551700','0857',24),(263,'黔东南苗族侗族自治州','551500','0855',24),(264,'黔南布依族苗族自治州','550100','0854',24),(265,'昆明市','650000','0871',25),(266,'曲靖市','655000','0874',25),(267,'玉溪市','653100','0877',25),(268,'保山市','678000','0875',25),(269,'昭通市','657000','0870',25),(270,'丽江市','674100','0888',25),(271,'思茅市','665000','0879',25),(272,'临沧市','677000','0883',25),(273,'楚雄彝族自治州','675000','0878',25),(274,'红河哈尼族彝族自治州','654400','0873',25),(275,'文山壮族苗族自治州','663000','0876',25),(276,'西双版纳傣族自治州','666200','0691',25),(277,'大理白族自治州','671000','0872',25),(278,'德宏傣族景颇族自治州','678400','0692',25),(279,'怒江傈僳族自治州','671400','0886',25),(280,'迪庆藏族自治州','674400','0887',25),(281,'拉萨市','850000','0891',26),(282,'昌都地区','854000','0895',26),(283,'山南地区','856000','0893',26),(284,'日喀则地区','857000','0892',26),(285,'那曲地区','852000','0896',26),(286,'阿里地区','859100','0897',26),(287,'林芝地区','860100','0894',26),(288,'西安市','710000','029',27),(289,'铜川市','727000','0919',27),(290,'宝鸡市','721000','0917',27),(291,'咸阳市','712000','0910',27),(292,'渭南市','714000','0913',27),(293,'延安市','716000','0911',27),(294,'汉中市','723000','0916',27),(295,'榆林市','719000','0912',27),(296,'安康市','725000','0915',27),(297,'商洛市','711500','0914',27),(298,'兰州市','730000','0931',28),(299,'嘉峪关市','735100','0937',28),(300,'金昌市','737100','0935',28),(301,'白银市','730900','0943',28),(302,'天水市','741000','0938',28),(303,'武威市','733000','0935',28),(304,'张掖市','734000','0936',28),(305,'平凉市','744000','0933',28),(306,'酒泉市','735000','0937',28),(307,'庆阳市','744500','0934',28),(308,'定西市','743000','0932',28),(309,'陇南市','742100','0939',28),(310,'临夏回族自治州','731100','0930',28),(311,'甘南藏族自治州','747000','0941',28),(312,'西宁市','810000','0971',29),(313,'海东地区','810600','0972',29),(314,'海北藏族自治州','810300','0970',29),(315,'黄南藏族自治州','811300','0973',29),(316,'海南藏族自治州','813000','0974',29),(317,'果洛藏族自治州','814000','0975',29),(318,'玉树藏族自治州','815000','0976',29),(319,'海西蒙古族藏族自治州','817000','0979',29),(320,'银川市','750000','0951',30),(321,'石嘴山市','753000','0952',30),(322,'吴忠市','751100','0953',30),(323,'固原市','756000','0954',30),(324,'中卫市','751700','0955',30),(325,'乌鲁木齐市','830000','0991',31),(326,'克拉玛依市','834000','0990',31),(327,'吐鲁番地区','838000','0995',31),(328,'哈密地区','839000','0902',31),(329,'昌吉回族自治州','831100','0994',31),(330,'博尔塔拉蒙古自治州','833400','0909',31),(331,'巴音郭楞蒙古自治州','841000','0996',31),(332,'阿克苏地区','843000','0997',31),(333,'克孜勒苏柯尔克孜自治州','835600','0908',31),(334,'喀什地区','844000','0998',31),(335,'和田地区','848000','0903',31),(336,'伊犁哈萨克自治州','833200','0999',31),(337,'塔城地区','834700','0901',31),(338,'阿勒泰地区','836500','0906',31),(339,'石河子市','832000','0993',31),(340,'阿拉尔市','843300','0997',31),(341,'图木舒克市','843900','0998',31),(342,'五家渠市','831300','0994',31),(343,'香港特别行政区','000000','00852',32),(344,'澳门特别行政区','000000','00853',33),(345,'台湾省','000000','886',34);

/*Table structure for table `t_dict` */

DROP TABLE IF EXISTS `t_dict`;

CREATE TABLE `t_dict` (
  `id` int(11) NOT NULL AUTO_INCREMENT COMMENT '主键',
  `code` varchar(16) DEFAULT NULL COMMENT '编码',
  `name` varchar(16) DEFAULT NULL COMMENT '名称',
  `description` varchar(255) DEFAULT NULL COMMENT '描述',
  `type` varchar(16) DEFAULT NULL COMMENT '类别',
  PRIMARY KEY (`id`) USING BTREE
) ENGINE=MyISAM AUTO_INCREMENT=17 DEFAULT CHARSET=utf8mb4 ROW_FORMAT=DYNAMIC COMMENT='字典表';

/*Data for the table `t_dict` */

insert  into `t_dict`(`id`,`code`,`name`,`description`,`type`) values (1,'A','生活助理','#0ba7f2','SERVER_TYPE'),(2,'B','老龄照护','#ff8901','SERVER_TYPE'),(3,'C','临床护理','#f1c30b','SERVER_TYPE'),(4,'1','待分配','任务状态','TAST_STATUS'),(5,'2','待完成','任务状态','TAST_STATUS'),(6,'3','已完成','任务状态','TAST_STATUS'),(7,'4','取消','任务状态','TAST_STATUS'),(9,'1','客户','用户类型','USER_TYPE'),(10,'2','服务人员','用户类型','USER_TYPE'),(11,'3','后台用户','用户类型','USER_TYPE'),(12,'A','A级','用户等级','USER_LEVEL'),(13,'B','B级','用户等级','USER_LEVEL'),(14,'C','C级','用户等级','USER_LEVEL'),(15,'D','D级','用户等级','USER_LEVEL'),(16,'E','E级','用户等级','USER_LEVEL'),(8,'5','待开始','任务状态','TAST_STATUS');

/*Table structure for table `t_dict_type` */

DROP TABLE IF EXISTS `t_dict_type`;

CREATE TABLE `t_dict_type` (
  `id` int(11) NOT NULL AUTO_INCREMENT COMMENT '主键',
  `code` varchar(16) DEFAULT NULL COMMENT '类别编码',
  `name` varchar(32) DEFAULT NULL COMMENT '类别名称',
  PRIMARY KEY (`id`) USING BTREE
) ENGINE=MyISAM AUTO_INCREMENT=6 DEFAULT CHARSET=utf8mb4 ROW_FORMAT=DYNAMIC COMMENT='字典类别表';

/*Data for the table `t_dict_type` */

insert  into `t_dict_type`(`id`,`code`,`name`) values (3,'USER_TYPE','用户类型'),(2,'TAST_STATUS','任务状态'),(1,'SERVER_TYPE','服务类别'),(4,'USER_LEVEL','用户等级');

/*Table structure for table `t_district` */

DROP TABLE IF EXISTS `t_district`;

CREATE TABLE `t_district` (
  `DISTRICT_ID` int(11) NOT NULL AUTO_INCREMENT COMMENT '区编号',
  `DISTRICT_NAME` varchar(50) DEFAULT NULL COMMENT '区名称',
  `CITY_ID` int(11) DEFAULT NULL COMMENT '市编号',
  PRIMARY KEY (`DISTRICT_ID`) USING BTREE
) ENGINE=InnoDB AUTO_INCREMENT=2863 DEFAULT CHARSET=utf8mb4 ROW_FORMAT=COMPACT COMMENT='区表';

/*Data for the table `t_district` */

insert  into `t_district`(`DISTRICT_ID`,`DISTRICT_NAME`,`CITY_ID`) values (1,'东城区',1),(2,'西城区',1),(3,'崇文区',1),(4,'宣武区',1),(5,'朝阳区',1),(6,'丰台区',1),(7,'石景山区',1),(8,'海淀区',1),(9,'门头沟区',1),(10,'房山区',1),(11,'通州区',1),(12,'顺义区',1),(13,'昌平区',1),(14,'大兴区',1),(15,'怀柔区',1),(16,'平谷区',1),(17,'密云县',1),(18,'延庆县',1),(19,'和平区',2),(20,'河东区',2),(21,'河西区',2),(22,'南开区',2),(23,'河北区',2),(24,'红桥区',2),(25,'塘沽区',2),(26,'汉沽区',2),(27,'大港区',2),(28,'东丽区',2),(29,'西青区',2),(30,'津南区',2),(31,'北辰区',2),(32,'武清区',2),(33,'宝坻区',2),(34,'宁河县',2),(35,'静海县',2),(36,'蓟县',2),(37,'长安区',3),(38,'桥东区',3),(39,'桥西区',3),(40,'新华区',3),(41,'井陉矿区',3),(42,'裕华区',3),(43,'井陉县',3),(44,'正定县',3),(45,'栾城县',3),(46,'行唐县',3),(47,'灵寿县',3),(48,'高邑县',3),(49,'深泽县',3),(50,'赞皇县',3),(51,'无极县',3),(52,'平山县',3),(53,'元氏县',3),(54,'赵县',3),(55,'辛集市',3),(56,'藁城市',3),(57,'晋州市',3),(58,'新乐市',3),(59,'鹿泉市',3),(60,'路南区',4),(61,'路北区',4),(62,'古冶区',4),(63,'开平区',4),(64,'丰南区',4),(65,'丰润区',4),(66,'滦县',4),(67,'滦南县',4),(68,'乐亭县',4),(69,'迁西县',4),(70,'玉田县',4),(71,'唐海县',4),(72,'遵化市',4),(73,'迁安市',4),(74,'海港区',5),(75,'山海关区',5),(76,'北戴河区',5),(77,'青龙满族自治县',5),(78,'昌黎县',5),(79,'抚宁县',5),(80,'卢龙县',5),(81,'邯山区',6),(82,'丛台区',6),(83,'复兴区',6),(84,'峰峰矿区',6),(85,'邯郸县',6),(86,'临漳县',6),(87,'成安县',6),(88,'大名县',6),(89,'涉县',6),(90,'磁县',6),(91,'肥乡县',6),(92,'永年县',6),(93,'邱县',6),(94,'鸡泽县',6),(95,'广平县',6),(96,'馆陶县',6),(97,'魏县',6),(98,'曲周县',6),(99,'武安市',6),(100,'桥东区',7),(101,'桥西区',7),(102,'邢台县',7),(103,'临城县',7),(104,'内丘县',7),(105,'柏乡县',7),(106,'隆尧县',7),(107,'任县',7),(108,'南和县',7),(109,'宁晋县',7),(110,'巨鹿县',7),(111,'新河县',7),(112,'广宗县',7),(113,'平乡县',7),(114,'威县',7),(115,'清河县',7),(116,'临西县',7),(117,'南宫市',7),(118,'沙河市',7),(119,'新市区',8),(120,'北市区',8),(121,'南市区',8),(122,'满城县',8),(123,'清苑县',8),(124,'涞水县',8),(125,'阜平县',8),(126,'徐水县',8),(127,'定兴县',8),(128,'唐县',8),(129,'高阳县',8),(130,'容城县',8),(131,'涞源县',8),(132,'望都县',8),(133,'安新县',8),(134,'易县',8),(135,'曲阳县',8),(136,'蠡县',8),(137,'顺平县',8),(138,'博野县',8),(139,'雄县',8),(140,'涿州市',8),(141,'定州市',8),(142,'安国市',8),(143,'高碑店市',8),(144,'桥东区',9),(145,'桥西区',9),(146,'宣化区',9),(147,'下花园区',9),(148,'宣化县',9),(149,'张北县',9),(150,'康保县',9),(151,'沽源县',9),(152,'尚义县',9),(153,'蔚县',9),(154,'阳原县',9),(155,'怀安县',9),(156,'万全县',9),(157,'怀来县',9),(158,'涿鹿县',9),(159,'赤城县',9),(160,'崇礼县',9),(161,'双桥区',10),(162,'双滦区',10),(163,'鹰手营子矿区',10),(164,'承德县',10),(165,'兴隆县',10),(166,'平泉县',10),(167,'滦平县',10),(168,'隆化县',10),(169,'丰宁满族自治县',10),(170,'宽城满族自治县',10),(171,'围场满族蒙古族自治县',10),(172,'新华区',11),(173,'运河区',11),(174,'沧县',11),(175,'青县',11),(176,'东光县',11),(177,'海兴县',11),(178,'盐山县',11),(179,'肃宁县',11),(180,'南皮县',11),(181,'吴桥县',11),(182,'献县',11),(183,'孟村回族自治县',11),(184,'泊头市',11),(185,'任丘市',11),(186,'黄骅市',11),(187,'河间市',11),(188,'安次区',12),(189,'广阳区',12),(190,'固安县',12),(191,'永清县',12),(192,'香河县',12),(193,'大城县',12),(194,'文安县',12),(195,'大厂回族自治县',12),(196,'霸州市',12),(197,'三河市',12),(198,'桃城区',13),(199,'枣强县',13),(200,'武邑县',13),(201,'武强县',13),(202,'饶阳县',13),(203,'安平县',13),(204,'故城县',13),(205,'景县',13),(206,'阜城县',13),(207,'冀州市',13),(208,'深州市',13),(209,'小店区',14),(210,'迎泽区',14),(211,'杏花岭区',14),(212,'尖草坪区',14),(213,'万柏林区',14),(214,'晋源区',14),(215,'清徐县',14),(216,'阳曲县',14),(217,'娄烦县',14),(218,'古交市',14),(219,'城区',15),(220,'矿区',15),(221,'南郊区',15),(222,'新荣区',15),(223,'阳高县',15),(224,'天镇县',15),(225,'广灵县',15),(226,'灵丘县',15),(227,'浑源县',15),(228,'左云县',15),(229,'大同县',15),(230,'城区',16),(231,'矿区',16),(232,'郊区',16),(233,'平定县',16),(234,'盂县',16),(235,'城区',17),(236,'郊区',17),(237,'长治县',17),(238,'襄垣县',17),(239,'屯留县',17),(240,'平顺县',17),(241,'黎城县',17),(242,'壶关县',17),(243,'长子县',17),(244,'武乡县',17),(245,'沁县',17),(246,'沁源县',17),(247,'潞城市',17),(248,'城区',18),(249,'沁水县',18),(250,'阳城县',18),(251,'陵川县',18),(252,'泽州县',18),(253,'高平市',18),(254,'朔城区',19),(255,'平鲁区',19),(256,'山阴县',19),(257,'应县',19),(258,'右玉县',19),(259,'怀仁县',19),(260,'榆次区',20),(261,'榆社县',20),(262,'左权县',20),(263,'和顺县',20),(264,'昔阳县',20),(265,'寿阳县',20),(266,'太谷县',20),(267,'祁县',20),(268,'平遥县',20),(269,'灵石县',20),(270,'介休市',20),(271,'盐湖区',21),(272,'临猗县',21),(273,'万荣县',21),(274,'闻喜县',21),(275,'稷山县',21),(276,'新绛县',21),(277,'绛县',21),(278,'垣曲县',21),(279,'夏县',21),(280,'平陆县',21),(281,'芮城县',21),(282,'永济市',21),(283,'河津市',21),(284,'忻府区',22),(285,'定襄县',22),(286,'五台县',22),(287,'代县',22),(288,'繁峙县',22),(289,'宁武县',22),(290,'静乐县',22),(291,'神池县',22),(292,'五寨县',22),(293,'岢岚县',22),(294,'河曲县',22),(295,'保德县',22),(296,'偏关县',22),(297,'原平市',22),(298,'尧都区',23),(299,'曲沃县',23),(300,'翼城县',23),(301,'襄汾县',23),(302,'洪洞县',23),(303,'古县',23),(304,'安泽县',23),(305,'浮山县',23),(306,'吉县',23),(307,'乡宁县',23),(308,'大宁县',23),(309,'隰县',23),(310,'永和县',23),(311,'蒲县',23),(312,'汾西县',23),(313,'侯马市',23),(314,'霍州市',23),(315,'离石区',24),(316,'文水县',24),(317,'交城县',24),(318,'兴县',24),(319,'临县',24),(320,'柳林县',24),(321,'石楼县',24),(322,'岚县',24),(323,'方山县',24),(324,'中阳县',24),(325,'交口县',24),(326,'孝义市',24),(327,'汾阳市',24),(328,'新城区',25),(329,'回民区',25),(330,'玉泉区',25),(331,'赛罕区',25),(332,'土默特左旗',25),(333,'托克托县',25),(334,'和林格尔县',25),(335,'清水河县',25),(336,'武川县',25),(337,'东河区',26),(338,'昆都仑区',26),(339,'青山区',26),(340,'石拐区',26),(341,'白云矿区',26),(342,'九原区',26),(343,'土默特右旗',26),(344,'固阳县',26),(345,'达尔罕茂明安联合旗',26),(346,'海勃湾区',27),(347,'海南区',27),(348,'乌达区',27),(349,'红山区',28),(350,'元宝山区',28),(351,'松山区',28),(352,'阿鲁科尔沁旗',28),(353,'巴林左旗',28),(354,'巴林右旗',28),(355,'林西县',28),(356,'克什克腾旗',28),(357,'翁牛特旗',28),(358,'喀喇沁旗',28),(359,'宁城县',28),(360,'敖汉旗',28),(361,'科尔沁区',29),(362,'科尔沁左翼中旗',29),(363,'科尔沁左翼后旗',29),(364,'开鲁县',29),(365,'库伦旗',29),(366,'奈曼旗',29),(367,'扎鲁特旗',29),(368,'霍林郭勒市',29),(369,'东胜区',30),(370,'达拉特旗',30),(371,'准格尔旗',30),(372,'鄂托克前旗',30),(373,'鄂托克旗',30),(374,'杭锦旗',30),(375,'乌审旗',30),(376,'伊金霍洛旗',30),(377,'海拉尔区',31),(378,'阿荣旗',31),(379,'莫力达瓦达斡尔族自治旗',31),(380,'鄂伦春自治旗',31),(381,'鄂温克族自治旗',31),(382,'陈巴尔虎旗',31),(383,'新巴尔虎左旗',31),(384,'新巴尔虎右旗',31),(385,'满洲里市',31),(386,'牙克石市',31),(387,'扎兰屯市',31),(388,'额尔古纳市',31),(389,'根河市',31),(390,'临河区',32),(391,'五原县',32),(392,'磴口县',32),(393,'乌拉特前旗',32),(394,'乌拉特中旗',32),(395,'乌拉特后旗',32),(396,'杭锦后旗',32),(397,'集宁区',33),(398,'卓资县',33),(399,'化德县',33),(400,'商都县',33),(401,'兴和县',33),(402,'凉城县',33),(403,'察哈尔右翼前旗',33),(404,'察哈尔右翼中旗',33),(405,'察哈尔右翼后旗',33),(406,'四子王旗',33),(407,'丰镇市',33),(408,'乌兰浩特市',34),(409,'阿尔山市',34),(410,'科尔沁右翼前旗',34),(411,'科尔沁右翼中旗',34),(412,'扎赉特旗',34),(413,'突泉县',34),(414,'二连浩特市',35),(415,'锡林浩特市',35),(416,'阿巴嘎旗',35),(417,'苏尼特左旗',35),(418,'苏尼特右旗',35),(419,'东乌珠穆沁旗',35),(420,'西乌珠穆沁旗',35),(421,'太仆寺旗',35),(422,'镶黄旗',35),(423,'正镶白旗',35),(424,'正蓝旗',35),(425,'多伦县',35),(426,'阿拉善左旗',36),(427,'阿拉善右旗',36),(428,'额济纳旗',36),(429,'和平区',37),(430,'沈河区',37),(431,'大东区',37),(432,'皇姑区',37),(433,'铁西区',37),(434,'苏家屯区',37),(435,'东陵区',37),(436,'新城子区',37),(437,'于洪区',37),(438,'辽中县',37),(439,'康平县',37),(440,'法库县',37),(441,'新民市',37),(442,'中山区',38),(443,'西岗区',38),(444,'沙河口区',38),(445,'甘井子区',38),(446,'旅顺口区',38),(447,'金州区',38),(448,'长海县',38),(449,'瓦房店市',38),(450,'普兰店市',38),(451,'庄河市',38),(452,'铁东区',39),(453,'铁西区',39),(454,'立山区',39),(455,'千山区',39),(456,'台安县',39),(457,'岫岩满族自治县',39),(458,'海城市',39),(459,'新抚区',40),(460,'东洲区',40),(461,'望花区',40),(462,'顺城区',40),(463,'抚顺县',40),(464,'新宾满族自治县',40),(465,'清原满族自治县',40),(466,'平山区',41),(467,'溪湖区',41),(468,'明山区',41),(469,'南芬区',41),(470,'本溪满族自治县',41),(471,'桓仁满族自治县',41),(472,'元宝区',42),(473,'振兴区',42),(474,'振安区',42),(475,'宽甸满族自治县',42),(476,'东港市',42),(477,'凤城市',42),(478,'古塔区',43),(479,'凌河区',43),(480,'太和区',43),(481,'黑山县',43),(482,'义县',43),(483,'凌海市',43),(484,'北宁市',43),(485,'站前区',44),(486,'西市区',44),(487,'鲅鱼圈区',44),(488,'老边区',44),(489,'盖州市',44),(490,'大石桥市',44),(491,'海州区',45),(492,'新邱区',45),(493,'太平区',45),(494,'清河门区',45),(495,'细河区',45),(496,'阜新蒙古族自治县',45),(497,'彰武县',45),(498,'白塔区',46),(499,'文圣区',46),(500,'宏伟区',46),(501,'弓长岭区',46),(502,'太子河区',46),(503,'辽阳县',46),(504,'灯塔市',46),(505,'双台子区',47),(506,'兴隆台区',47),(507,'大洼县',47),(508,'盘山县',47),(509,'银州区',48),(510,'清河区',48),(511,'铁岭县',48),(512,'西丰县',48),(513,'昌图县',48),(514,'调兵山市',48),(515,'开原市',48),(516,'双塔区',49),(517,'龙城区',49),(518,'朝阳县',49),(519,'建平县',49),(520,'喀喇沁左翼蒙古族自治县',49),(521,'北票市',49),(522,'凌源市',49),(523,'连山区',50),(524,'龙港区',50),(525,'南票区',50),(526,'绥中县',50),(527,'建昌县',50),(528,'兴城市',50),(529,'南关区',51),(530,'宽城区',51),(531,'朝阳区',51),(532,'二道区',51),(533,'绿园区',51),(534,'双阳区',51),(535,'农安县',51),(536,'九台市',51),(537,'榆树市',51),(538,'德惠市',51),(539,'昌邑区',52),(540,'龙潭区',52),(541,'船营区',52),(542,'丰满区',52),(543,'永吉县',52),(544,'蛟河市',52),(545,'桦甸市',52),(546,'舒兰市',52),(547,'磐石市',52),(548,'铁西区',53),(549,'铁东区',53),(550,'梨树县',53),(551,'伊通满族自治县',53),(552,'公主岭市',53),(553,'双辽市',53),(554,'龙山区',54),(555,'西安区',54),(556,'东丰县',54),(557,'东辽县',54),(558,'东昌区',55),(559,'二道江区',55),(560,'通化县',55),(561,'辉南县',55),(562,'柳河县',55),(563,'梅河口市',55),(564,'集安市',55),(565,'八道江区',56),(566,'抚松县',56),(567,'靖宇县',56),(568,'长白朝鲜族自治县',56),(569,'江源县',56),(570,'临江市',56),(571,'宁江区',57),(572,'前郭尔罗斯蒙古族自治县',57),(573,'长岭县',57),(574,'乾安县',57),(575,'扶余县',57),(576,'洮北区',58),(577,'镇赉县',58),(578,'通榆县',58),(579,'洮南市',58),(580,'大安市',58),(581,'延吉市',59),(582,'图们市',59),(583,'敦化市',59),(584,'珲春市',59),(585,'龙井市',59),(586,'和龙市',59),(587,'汪清县',59),(588,'安图县',59),(589,'道里区',60),(590,'南岗区',60),(591,'道外区',60),(592,'香坊区',60),(593,'动力区',60),(594,'平房区',60),(595,'松北区',60),(596,'呼兰区',60),(597,'依兰县',60),(598,'方正县',60),(599,'宾县',60),(600,'巴彦县',60),(601,'木兰县',60),(602,'通河县',60),(603,'延寿县',60),(604,'阿城市',60),(605,'双城市',60),(606,'尚志市',60),(607,'五常市',60),(608,'龙沙区',61),(609,'建华区',61),(610,'铁锋区',61),(611,'昂昂溪区',61),(612,'富拉尔基区',61),(613,'碾子山区',61),(614,'梅里斯达斡尔族区',61),(615,'龙江县',61),(616,'依安县',61),(617,'泰来县',61),(618,'甘南县',61),(619,'富裕县',61),(620,'克山县',61),(621,'克东县',61),(622,'拜泉县',61),(623,'讷河市',61),(624,'鸡冠区',62),(625,'恒山区',62),(626,'滴道区',62),(627,'梨树区',62),(628,'城子河区',62),(629,'麻山区',62),(630,'鸡东县',62),(631,'虎林市',62),(632,'密山市',62),(633,'向阳区',63),(634,'工农区',63),(635,'南山区',63),(636,'兴安区',63),(637,'东山区',63),(638,'兴山区',63),(639,'萝北县',63),(640,'绥滨县',63),(641,'尖山区',64),(642,'岭东区',64),(643,'四方台区',64),(644,'宝山区',64),(645,'集贤县',64),(646,'友谊县',64),(647,'宝清县',64),(648,'饶河县',64),(649,'萨尔图区',65),(650,'龙凤区',65),(651,'让胡路区',65),(652,'红岗区',65),(653,'大同区',65),(654,'肇州县',65),(655,'肇源县',65),(656,'林甸县',65),(657,'杜尔伯特蒙古族自治县',65),(658,'伊春区',66),(659,'南岔区',66),(660,'友好区',66),(661,'西林区',66),(662,'翠峦区',66),(663,'新青区',66),(664,'美溪区',66),(665,'金山屯区',66),(666,'五营区',66),(667,'乌马河区',66),(668,'汤旺河区',66),(669,'带岭区',66),(670,'乌伊岭区',66),(671,'红星区',66),(672,'上甘岭区',66),(673,'嘉荫县',66),(674,'铁力市',66),(675,'永红区',67),(676,'向阳区',67),(677,'前进区',67),(678,'东风区',67),(679,'郊区',67),(680,'桦南县',67),(681,'桦川县',67),(682,'汤原县',67),(683,'抚远县',67),(684,'同江市',67),(685,'富锦市',67),(686,'新兴区',68),(687,'桃山区',68),(688,'茄子河区',68),(689,'勃利县',68),(690,'东安区',69),(691,'阳明区',69),(692,'爱民区',69),(693,'西安区',69),(694,'东宁县',69),(695,'林口县',69),(696,'绥芬河市',69),(697,'海林市',69),(698,'宁安市',69),(699,'穆棱市',69),(700,'爱辉区',70),(701,'嫩江县',70),(702,'逊克县',70),(703,'孙吴县',70),(704,'北安市',70),(705,'五大连池市',70),(706,'北林区',71),(707,'望奎县',71),(708,'兰西县',71),(709,'青冈县',71),(710,'庆安县',71),(711,'明水县',71),(712,'绥棱县',71),(713,'安达市',71),(714,'肇东市',71),(715,'海伦市',71),(716,'呼玛县',72),(717,'塔河县',72),(718,'漠河县',72),(719,'黄浦区',73),(720,'卢湾区',73),(721,'徐汇区',73),(722,'长宁区',73),(723,'静安区',73),(724,'普陀区',73),(725,'闸北区',73),(726,'虹口区',73),(727,'杨浦区',73),(728,'闵行区',73),(729,'宝山区',73),(730,'嘉定区',73),(731,'浦东新区',73),(732,'金山区',73),(733,'松江区',73),(734,'青浦区',73),(735,'南汇区',73),(736,'奉贤区',73),(737,'崇明县',73),(738,'玄武区',74),(739,'白下区',74),(740,'秦淮区',74),(741,'建邺区',74),(742,'鼓楼区',74),(743,'下关区',74),(744,'浦口区',74),(745,'栖霞区',74),(746,'雨花台区',74),(747,'江宁区',74),(748,'六合区',74),(749,'溧水县',74),(750,'高淳县',74),(751,'崇安区',75),(752,'南长区',75),(753,'北塘区',75),(754,'锡山区',75),(755,'惠山区',75),(756,'滨湖区',75),(757,'江阴市',75),(758,'宜兴市',75),(759,'鼓楼区',76),(760,'云龙区',76),(761,'九里区',76),(762,'贾汪区',76),(763,'泉山区',76),(764,'丰县',76),(765,'沛县',76),(766,'铜山县',76),(767,'睢宁县',76),(768,'新沂市',76),(769,'邳州市',76),(770,'天宁区',77),(771,'钟楼区',77),(772,'戚墅堰区',77),(773,'新北区',77),(774,'武进区',77),(775,'溧阳市',77),(776,'金坛市',77),(777,'沧浪区',78),(778,'平江区',78),(779,'金阊区',78),(780,'虎丘区',78),(781,'吴中区',78),(782,'相城区',78),(783,'常熟市',78),(784,'张家港市',78),(785,'昆山市',78),(786,'吴江市',78),(787,'太仓市',78),(788,'崇川区',79),(789,'港闸区',79),(790,'海安县',79),(791,'如东县',79),(792,'启东市',79),(793,'如皋市',79),(794,'通州市',79),(795,'海门市',79),(796,'连云区',80),(797,'新浦区',80),(798,'海州区',80),(799,'赣榆县',80),(800,'东海县',80),(801,'灌云县',80),(802,'灌南县',80),(803,'清河区',81),(804,'楚州区',81),(805,'淮阴区',81),(806,'清浦区',81),(807,'涟水县',81),(808,'洪泽县',81),(809,'盱眙县',81),(810,'金湖县',81),(811,'亭湖区',82),(812,'盐都区',82),(813,'响水县',82),(814,'滨海县',82),(815,'阜宁县',82),(816,'射阳县',82),(817,'建湖县',82),(818,'东台市',82),(819,'大丰市',82),(820,'广陵区',83),(821,'邗江区',83),(822,'维扬区',83),(823,'宝应县',83),(824,'仪征市',83),(825,'高邮市',83),(826,'江都市',83),(827,'京口区',84),(828,'润州区',84),(829,'丹徒区',84),(830,'丹阳市',84),(831,'扬中市',84),(832,'句容市',84),(833,'海陵区',85),(834,'高港区',85),(835,'兴化市',85),(836,'靖江市',85),(837,'泰兴市',85),(838,'姜堰市',85),(839,'宿城区',86),(840,'宿豫区',86),(841,'沭阳县',86),(842,'泗阳县',86),(843,'泗洪县',86),(844,'上城区',87),(845,'下城区',87),(846,'江干区',87),(847,'拱墅区',87),(848,'西湖区',87),(849,'滨江区',87),(850,'萧山区',87),(851,'余杭区',87),(852,'桐庐县',87),(853,'淳安县',87),(854,'建德市',87),(855,'富阳市',87),(856,'临安市',87),(857,'海曙区',88),(858,'江东区',88),(859,'江北区',88),(860,'北仑区',88),(861,'镇海区',88),(862,'鄞州区',88),(863,'象山县',88),(864,'宁海县',88),(865,'余姚市',88),(866,'慈溪市',88),(867,'奉化市',88),(868,'鹿城区',89),(869,'龙湾区',89),(870,'瓯海区',89),(871,'洞头县',89),(872,'永嘉县',89),(873,'平阳县',89),(874,'苍南县',89),(875,'文成县',89),(876,'泰顺县',89),(877,'瑞安市',89),(878,'乐清市',89),(879,'秀城区',90),(880,'秀洲区',90),(881,'嘉善县',90),(882,'海盐县',90),(883,'海宁市',90),(884,'平湖市',90),(885,'桐乡市',90),(886,'吴兴区',91),(887,'南浔区',91),(888,'德清县',91),(889,'长兴县',91),(890,'安吉县',91),(891,'越城区',92),(892,'绍兴县',92),(893,'新昌县',92),(894,'诸暨市',92),(895,'上虞市',92),(896,'嵊州市',92),(897,'婺城区',93),(898,'金东区',93),(899,'武义县',93),(900,'浦江县',93),(901,'磐安县',93),(902,'兰溪市',93),(903,'义乌市',93),(904,'东阳市',93),(905,'永康市',93),(906,'柯城区',94),(907,'衢江区',94),(908,'常山县',94),(909,'开化县',94),(910,'龙游县',94),(911,'江山市',94),(912,'定海区',95),(913,'普陀区',95),(914,'岱山县',95),(915,'嵊泗县',95),(916,'椒江区',96),(917,'黄岩区',96),(918,'路桥区',96),(919,'玉环县',96),(920,'三门县',96),(921,'天台县',96),(922,'仙居县',96),(923,'温岭市',96),(924,'临海市',96),(925,'莲都区',97),(926,'青田县',97),(927,'缙云县',97),(928,'遂昌县',97),(929,'松阳县',97),(930,'云和县',97),(931,'庆元县',97),(932,'景宁畲族自治县',97),(933,'龙泉市',97),(934,'瑶海区',98),(935,'庐阳区',98),(936,'蜀山区',98),(937,'包河区',98),(938,'长丰县',98),(939,'肥东县',98),(940,'肥西县',98),(941,'镜湖区',99),(942,'马塘区',99),(943,'新芜区',99),(944,'鸠江区',99),(945,'芜湖县',99),(946,'繁昌县',99),(947,'南陵县',99),(948,'龙子湖区',100),(949,'蚌山区',100),(950,'禹会区',100),(951,'淮上区',100),(952,'怀远县',100),(953,'五河县',100),(954,'固镇县',100),(955,'大通区',101),(956,'田家庵区',101),(957,'谢家集区',101),(958,'八公山区',101),(959,'潘集区',101),(960,'凤台县',101),(961,'金家庄区',102),(962,'花山区',102),(963,'雨山区',102),(964,'当涂县',102),(965,'杜集区',103),(966,'相山区',103),(967,'烈山区',103),(968,'濉溪县',103),(969,'铜官山区',104),(970,'狮子山区',104),(971,'郊区',104),(972,'铜陵县',104),(973,'迎江区',105),(974,'大观区',105),(975,'郊区',105),(976,'怀宁县',105),(977,'枞阳县',105),(978,'潜山县',105),(979,'太湖县',105),(980,'宿松县',105),(981,'望江县',105),(982,'岳西县',105),(983,'桐城市',105),(984,'屯溪区',106),(985,'黄山区',106),(986,'徽州区',106),(987,'歙县',106),(988,'休宁县',106),(989,'黟县',106),(990,'祁门县',106),(991,'琅琊区',107),(992,'南谯区',107),(993,'来安县',107),(994,'全椒县',107),(995,'定远县',107),(996,'凤阳县',107),(997,'天长市',107),(998,'明光市',107),(999,'颍州区',108),(1000,'颍东区',108),(1001,'颍泉区',108),(1002,'临泉县',108),(1003,'太和县',108),(1004,'阜南县',108),(1005,'颍上县',108),(1006,'界首市',108),(1007,'埇桥区',109),(1008,'砀山县',109),(1009,'萧县',109),(1010,'灵璧县',109),(1011,'泗县',109),(1012,'居巢区',110),(1013,'庐江县',110),(1014,'无为县',110),(1015,'含山县',110),(1016,'和县',110),(1017,'金安区',111),(1018,'裕安区',111),(1019,'寿县',111),(1020,'霍邱县',111),(1021,'舒城县',111),(1022,'金寨县',111),(1023,'霍山县',111),(1024,'谯城区',112),(1025,'涡阳县',112),(1026,'蒙城县',112),(1027,'利辛县',112),(1028,'贵池区',113),(1029,'东至县',113),(1030,'石台县',113),(1031,'青阳县',113),(1032,'宣州区',114),(1033,'郎溪县',114),(1034,'广德县',114),(1035,'泾县',114),(1036,'绩溪县',114),(1037,'旌德县',114),(1038,'宁国市',114),(1039,'鼓楼区',115),(1040,'台江区',115),(1041,'仓山区',115),(1042,'马尾区',115),(1043,'晋安区',115),(1044,'闽侯县',115),(1045,'连江县',115),(1046,'罗源县',115),(1047,'闽清县',115),(1048,'永泰县',115),(1049,'平潭县',115),(1050,'福清市',115),(1051,'长乐市',115),(1052,'思明区',116),(1053,'海沧区',116),(1054,'湖里区',116),(1055,'集美区',116),(1056,'同安区',116),(1057,'翔安区',116),(1058,'城厢区',117),(1059,'涵江区',117),(1060,'荔城区',117),(1061,'秀屿区',117),(1062,'仙游县',117),(1063,'梅列区',118),(1064,'三元区',118),(1065,'明溪县',118),(1066,'清流县',118),(1067,'宁化县',118),(1068,'大田县',118),(1069,'尤溪县',118),(1070,'沙县',118),(1071,'将乐县',118),(1072,'泰宁县',118),(1073,'建宁县',118),(1074,'永安市',118),(1075,'鲤城区',119),(1076,'丰泽区',119),(1077,'洛江区',119),(1078,'泉港区',119),(1079,'惠安县',119),(1080,'安溪县',119),(1081,'永春县',119),(1082,'德化县',119),(1083,'金门县',119),(1084,'石狮市',119),(1085,'晋江市',119),(1086,'南安市',119),(1087,'芗城区',120),(1088,'龙文区',120),(1089,'云霄县',120),(1090,'漳浦县',120),(1091,'诏安县',120),(1092,'长泰县',120),(1093,'东山县',120),(1094,'南靖县',120),(1095,'平和县',120),(1096,'华安县',120),(1097,'龙海市',120),(1098,'延平区',121),(1099,'顺昌县',121),(1100,'浦城县',121),(1101,'光泽县',121),(1102,'松溪县',121),(1103,'政和县',121),(1104,'邵武市',121),(1105,'武夷山市',121),(1106,'建瓯市',121),(1107,'建阳市',121),(1108,'新罗区',122),(1109,'长汀县',122),(1110,'永定县',122),(1111,'上杭县',122),(1112,'武平县',122),(1113,'连城县',122),(1114,'漳平市',122),(1115,'蕉城区',123),(1116,'霞浦县',123),(1117,'古田县',123),(1118,'屏南县',123),(1119,'寿宁县',123),(1120,'周宁县',123),(1121,'柘荣县',123),(1122,'福安市',123),(1123,'福鼎市',123),(1124,'东湖区',124),(1125,'西湖区',124),(1126,'青云谱区',124),(1127,'湾里区',124),(1128,'青山湖区',124),(1129,'南昌县',124),(1130,'新建县',124),(1131,'安义县',124),(1132,'进贤县',124),(1133,'昌江区',125),(1134,'珠山区',125),(1135,'浮梁县',125),(1136,'乐平市',125),(1137,'安源区',126),(1138,'湘东区',126),(1139,'莲花县',126),(1140,'上栗县',126),(1141,'芦溪县',126),(1142,'庐山区',127),(1143,'浔阳区',127),(1144,'九江县',127),(1145,'武宁县',127),(1146,'修水县',127),(1147,'永修县',127),(1148,'德安县',127),(1149,'星子县',127),(1150,'都昌县',127),(1151,'湖口县',127),(1152,'彭泽县',127),(1153,'瑞昌市',127),(1154,'渝水区',128),(1155,'分宜县',128),(1156,'月湖区',129),(1157,'余江县',129),(1158,'贵溪市',129),(1159,'章贡区',130),(1160,'赣县',130),(1161,'信丰县',130),(1162,'大余县',130),(1163,'上犹县',130),(1164,'崇义县',130),(1165,'安远县',130),(1166,'龙南县',130),(1167,'定南县',130),(1168,'全南县',130),(1169,'宁都县',130),(1170,'于都县',130),(1171,'兴国县',130),(1172,'会昌县',130),(1173,'寻乌县',130),(1174,'石城县',130),(1175,'瑞金市',130),(1176,'南康市',130),(1177,'吉州区',131),(1178,'青原区',131),(1179,'吉安县',131),(1180,'吉水县',131),(1181,'峡江县',131),(1182,'新干县',131),(1183,'永丰县',131),(1184,'泰和县',131),(1185,'遂川县',131),(1186,'万安县',131),(1187,'安福县',131),(1188,'永新县',131),(1189,'井冈山市',131),(1190,'袁州区',132),(1191,'奉新县',132),(1192,'万载县',132),(1193,'上高县',132),(1194,'宜丰县',132),(1195,'靖安县',132),(1196,'铜鼓县',132),(1197,'丰城市',132),(1198,'樟树市',132),(1199,'高安市',132),(1200,'临川区',133),(1201,'南城县',133),(1202,'黎川县',133),(1203,'南丰县',133),(1204,'崇仁县',133),(1205,'乐安县',133),(1206,'宜黄县',133),(1207,'金溪县',133),(1208,'资溪县',133),(1209,'东乡县',133),(1210,'广昌县',133),(1211,'信州区',134),(1212,'上饶县',134),(1213,'广丰县',134),(1214,'玉山县',134),(1215,'铅山县',134),(1216,'横峰县',134),(1217,'弋阳县',134),(1218,'余干县',134),(1219,'鄱阳县',134),(1220,'万年县',134),(1221,'婺源县',134),(1222,'德兴市',134),(1223,'历下区',135),(1224,'市中区',135),(1225,'槐荫区',135),(1226,'天桥区',135),(1227,'历城区',135),(1228,'长清区',135),(1229,'平阴县',135),(1230,'济阳县',135),(1231,'商河县',135),(1232,'章丘市',135),(1233,'市南区',136),(1234,'市北区',136),(1235,'四方区',136),(1236,'黄岛区',136),(1237,'崂山区',136),(1238,'李沧区',136),(1239,'城阳区',136),(1240,'胶州市',136),(1241,'即墨市',136),(1242,'平度市',136),(1243,'胶南市',136),(1244,'莱西市',136),(1245,'淄川区',137),(1246,'张店区',137),(1247,'博山区',137),(1248,'临淄区',137),(1249,'周村区',137),(1250,'桓台县',137),(1251,'高青县',137),(1252,'沂源县',137),(1253,'市中区',138),(1254,'薛城区',138),(1255,'峄城区',138),(1256,'台儿庄区',138),(1257,'山亭区',138),(1258,'滕州市',138),(1259,'东营区',139),(1260,'河口区',139),(1261,'垦利县',139),(1262,'利津县',139),(1263,'广饶县',139),(1264,'芝罘区',140),(1265,'福山区',140),(1266,'牟平区',140),(1267,'莱山区',140),(1268,'长岛县',140),(1269,'龙口市',140),(1270,'莱阳市',140),(1271,'莱州市',140),(1272,'蓬莱市',140),(1273,'招远市',140),(1274,'栖霞市',140),(1275,'海阳市',140),(1276,'潍城区',141),(1277,'寒亭区',141),(1278,'坊子区',141),(1279,'奎文区',141),(1280,'临朐县',141),(1281,'昌乐县',141),(1282,'青州市',141),(1283,'诸城市',141),(1284,'寿光市',141),(1285,'安丘市',141),(1286,'高密市',141),(1287,'昌邑市',141),(1288,'市中区',142),(1289,'任城区',142),(1290,'微山县',142),(1291,'鱼台县',142),(1292,'金乡县',142),(1293,'嘉祥县',142),(1294,'汶上县',142),(1295,'泗水县',142),(1296,'梁山县',142),(1297,'曲阜市',142),(1298,'兖州市',142),(1299,'邹城市',142),(1300,'泰山区',143),(1301,'岱岳区',143),(1302,'宁阳县',143),(1303,'东平县',143),(1304,'新泰市',143),(1305,'肥城市',143),(1306,'环翠区',144),(1307,'文登市',144),(1308,'荣成市',144),(1309,'乳山市',144),(1310,'东港区',145),(1311,'岚山区',145),(1312,'五莲县',145),(1313,'莒县',145),(1314,'莱城区',146),(1315,'钢城区',146),(1316,'兰山区',147),(1317,'罗庄区',147),(1318,'河东区',147),(1319,'沂南县',147),(1320,'郯城县',147),(1321,'沂水县',147),(1322,'苍山县',147),(1323,'费县',147),(1324,'平邑县',147),(1325,'莒南县',147),(1326,'蒙阴县',147),(1327,'临沭县',147),(1328,'德城区',148),(1329,'陵县',148),(1330,'宁津县',148),(1331,'庆云县',148),(1332,'临邑县',148),(1333,'齐河县',148),(1334,'平原县',148),(1335,'夏津县',148),(1336,'武城县',148),(1337,'乐陵市',148),(1338,'禹城市',148),(1339,'东昌府区',149),(1340,'阳谷县',149),(1341,'莘县',149),(1342,'茌平县',149),(1343,'东阿县',149),(1344,'冠县',149),(1345,'高唐县',149),(1346,'临清市',149),(1347,'滨城区',150),(1348,'惠民县',150),(1349,'阳信县',150),(1350,'无棣县',150),(1351,'沾化县',150),(1352,'博兴县',150),(1353,'邹平县',150),(1354,'牡丹区',151),(1355,'曹县',151),(1356,'单县',151),(1357,'成武县',151),(1358,'巨野县',151),(1359,'郓城县',151),(1360,'鄄城县',151),(1361,'定陶县',151),(1362,'东明县',151),(1363,'中原区',152),(1364,'二七区',152),(1365,'管城回族区',152),(1366,'金水区',152),(1367,'上街区',152),(1368,'惠济区',152),(1369,'中牟县',152),(1370,'巩义市',152),(1371,'荥阳市',152),(1372,'新密市',152),(1373,'新郑市',152),(1374,'登封市',152),(1375,'龙亭区',153),(1376,'顺河回族区',153),(1377,'鼓楼区',153),(1378,'南关区',153),(1379,'郊区',153),(1380,'杞县',153),(1381,'通许县',153),(1382,'尉氏县',153),(1383,'开封县',153),(1384,'兰考县',153),(1385,'老城区',154),(1386,'西工区',154),(1387,'廛河回族区',154),(1388,'涧西区',154),(1389,'吉利区',154),(1390,'洛龙区',154),(1391,'孟津县',154),(1392,'新安县',154),(1393,'栾川县',154),(1394,'嵩县',154),(1395,'汝阳县',154),(1396,'宜阳县',154),(1397,'洛宁县',154),(1398,'伊川县',154),(1399,'偃师市',154),(1400,'新华区',155),(1401,'卫东区',155),(1402,'石龙区',155),(1403,'湛河区',155),(1404,'宝丰县',155),(1405,'叶县',155),(1406,'鲁山县',155),(1407,'郏县',155),(1408,'舞钢市',155),(1409,'汝州市',155),(1410,'文峰区',156),(1411,'北关区',156),(1412,'殷都区',156),(1413,'龙安区',156),(1414,'安阳县',156),(1415,'汤阴县',156),(1416,'滑县',156),(1417,'内黄县',156),(1418,'林州市',156),(1419,'鹤山区',157),(1420,'山城区',157),(1421,'淇滨区',157),(1422,'浚县',157),(1423,'淇县',157),(1424,'红旗区',158),(1425,'卫滨区',158),(1426,'凤泉区',158),(1427,'牧野区',158),(1428,'新乡县',158),(1429,'获嘉县',158),(1430,'原阳县',158),(1431,'延津县',158),(1432,'封丘县',158),(1433,'长垣县',158),(1434,'卫辉市',158),(1435,'辉县市',158),(1436,'解放区',159),(1437,'中站区',159),(1438,'马村区',159),(1439,'山阳区',159),(1440,'修武县',159),(1441,'博爱县',159),(1442,'武陟县',159),(1443,'温县',159),(1444,'济源市',159),(1445,'沁阳市',159),(1446,'孟州市',159),(1447,'华龙区',160),(1448,'清丰县',160),(1449,'南乐县',160),(1450,'范县',160),(1451,'台前县',160),(1452,'濮阳县',160),(1453,'魏都区',161),(1454,'许昌县',161),(1455,'鄢陵县',161),(1456,'襄城县',161),(1457,'禹州市',161),(1458,'长葛市',161),(1459,'源汇区',162),(1460,'郾城区',162),(1461,'召陵区',162),(1462,'舞阳县',162),(1463,'临颍县',162),(1464,'市辖区',163),(1465,'湖滨区',163),(1466,'渑池县',163),(1467,'陕县',163),(1468,'卢氏县',163),(1469,'义马市',163),(1470,'灵宝市',163),(1471,'宛城区',164),(1472,'卧龙区',164),(1473,'南召县',164),(1474,'方城县',164),(1475,'西峡县',164),(1476,'镇平县',164),(1477,'内乡县',164),(1478,'淅川县',164),(1479,'社旗县',164),(1480,'唐河县',164),(1481,'新野县',164),(1482,'桐柏县',164),(1483,'邓州市',164),(1484,'梁园区',165),(1485,'睢阳区',165),(1486,'民权县',165),(1487,'睢县',165),(1488,'宁陵县',165),(1489,'柘城县',165),(1490,'虞城县',165),(1491,'夏邑县',165),(1492,'永城市',165),(1493,'浉河区',166),(1494,'平桥区',166),(1495,'罗山县',166),(1496,'光山县',166),(1497,'新县',166),(1498,'商城县',166),(1499,'固始县',166),(1500,'潢川县',166),(1501,'淮滨县',166),(1502,'息县',166),(1503,'川汇区',167),(1504,'扶沟县',167),(1505,'西华县',167),(1506,'商水县',167),(1507,'沈丘县',167),(1508,'郸城县',167),(1509,'淮阳县',167),(1510,'太康县',167),(1511,'鹿邑县',167),(1512,'项城市',167),(1513,'驿城区',168),(1514,'西平县',168),(1515,'上蔡县',168),(1516,'平舆县',168),(1517,'正阳县',168),(1518,'确山县',168),(1519,'泌阳县',168),(1520,'汝南县',168),(1521,'遂平县',168),(1522,'新蔡县',168),(1523,'江岸区',169),(1524,'江汉区',169),(1525,'硚口区',169),(1526,'汉阳区',169),(1527,'武昌区',169),(1528,'青山区',169),(1529,'洪山区',169),(1530,'东西湖区',169),(1531,'汉南区',169),(1532,'蔡甸区',169),(1533,'江夏区',169),(1534,'黄陂区',169),(1535,'新洲区',169),(1536,'黄石港区',170),(1537,'西塞山区',170),(1538,'下陆区',170),(1539,'铁山区',170),(1540,'阳新县',170),(1541,'大冶市',170),(1542,'茅箭区',171),(1543,'张湾区',171),(1544,'郧县',171),(1545,'郧西县',171),(1546,'竹山县',171),(1547,'竹溪县',171),(1548,'房县',171),(1549,'丹江口市',171),(1550,'西陵区',172),(1551,'伍家岗区',172),(1552,'点军区',172),(1553,'猇亭区',172),(1554,'夷陵区',172),(1555,'远安县',172),(1556,'兴山县',172),(1557,'秭归县',172),(1558,'长阳土家族自治县',172),(1559,'五峰土家族自治县',172),(1560,'宜都市',172),(1561,'当阳市',172),(1562,'枝江市',172),(1563,'襄城区',173),(1564,'樊城区',173),(1565,'襄阳区',173),(1566,'南漳县',173),(1567,'谷城县',173),(1568,'保康县',173),(1569,'老河口市',173),(1570,'枣阳市',173),(1571,'宜城市',173),(1572,'梁子湖区',174),(1573,'华容区',174),(1574,'鄂城区',174),(1575,'东宝区',175),(1576,'掇刀区',175),(1577,'京山县',175),(1578,'沙洋县',175),(1579,'钟祥市',175),(1580,'孝南区',176),(1581,'孝昌县',176),(1582,'大悟县',176),(1583,'云梦县',176),(1584,'应城市',176),(1585,'安陆市',176),(1586,'汉川市',176),(1587,'沙市区',177),(1588,'荆州区',177),(1589,'公安县',177),(1590,'监利县',177),(1591,'江陵县',177),(1592,'石首市',177),(1593,'洪湖市',177),(1594,'松滋市',177),(1595,'黄州区',178),(1596,'团风县',178),(1597,'红安县',178),(1598,'罗田县',178),(1599,'英山县',178),(1600,'浠水县',178),(1601,'蕲春县',178),(1602,'黄梅县',178),(1603,'麻城市',178),(1604,'武穴市',178),(1605,'咸安区',179),(1606,'嘉鱼县',179),(1607,'通城县',179),(1608,'崇阳县',179),(1609,'通山县',179),(1610,'赤壁市',179),(1611,'曾都区',180),(1612,'广水市',180),(1613,'恩施市',181),(1614,'利川市',181),(1615,'建始县',181),(1616,'巴东县',181),(1617,'宣恩县',181),(1618,'咸丰县',181),(1619,'来凤县',181),(1620,'鹤峰县',181),(1621,'仙桃市',182),(1622,'潜江市',182),(1623,'天门市',182),(1624,'神农架林区',182),(1625,'芙蓉区',183),(1626,'天心区',183),(1627,'岳麓区',183),(1628,'开福区',183),(1629,'雨花区',183),(1630,'长沙县',183),(1631,'望城县',183),(1632,'宁乡县',183),(1633,'浏阳市',183),(1634,'荷塘区',184),(1635,'芦淞区',184),(1636,'石峰区',184),(1637,'天元区',184),(1638,'株洲县',184),(1639,'攸县',184),(1640,'茶陵县',184),(1641,'炎陵县',184),(1642,'醴陵市',184),(1643,'雨湖区',185),(1644,'岳塘区',185),(1645,'湘潭县',185),(1646,'湘乡市',185),(1647,'韶山市',185),(1648,'珠晖区',186),(1649,'雁峰区',186),(1650,'石鼓区',186),(1651,'蒸湘区',186),(1652,'南岳区',186),(1653,'衡阳县',186),(1654,'衡南县',186),(1655,'衡山县',186),(1656,'衡东县',186),(1657,'祁东县',186),(1658,'耒阳市',186),(1659,'常宁市',186),(1660,'双清区',187),(1661,'大祥区',187),(1662,'北塔区',187),(1663,'邵东县',187),(1664,'新邵县',187),(1665,'邵阳县',187),(1666,'隆回县',187),(1667,'洞口县',187),(1668,'绥宁县',187),(1669,'新宁县',187),(1670,'城步苗族自治县',187),(1671,'武冈市',187),(1672,'岳阳楼区',188),(1673,'云溪区',188),(1674,'君山区',188),(1675,'岳阳县',188),(1676,'华容县',188),(1677,'湘阴县',188),(1678,'平江县',188),(1679,'汨罗市',188),(1680,'临湘市',188),(1681,'武陵区',189),(1682,'鼎城区',189),(1683,'安乡县',189),(1684,'汉寿县',189),(1685,'澧县',189),(1686,'临澧县',189),(1687,'桃源县',189),(1688,'石门县',189),(1689,'津市市',189),(1690,'永定区',190),(1691,'武陵源区',190),(1692,'慈利县',190),(1693,'桑植县',190),(1694,'资阳区',191),(1695,'赫山区',191),(1696,'南县',191),(1697,'桃江县',191),(1698,'安化县',191),(1699,'沅江市',191),(1700,'北湖区',192),(1701,'苏仙区',192),(1702,'桂阳县',192),(1703,'宜章县',192),(1704,'永兴县',192),(1705,'嘉禾县',192),(1706,'临武县',192),(1707,'汝城县',192),(1708,'桂东县',192),(1709,'安仁县',192),(1710,'资兴市',192),(1711,'芝山区',193),(1712,'冷水滩区',193),(1713,'祁阳县',193),(1714,'东安县',193),(1715,'双牌县',193),(1716,'道县',193),(1717,'江永县',193),(1718,'宁远县',193),(1719,'蓝山县',193),(1720,'新田县',193),(1721,'江华瑶族自治县',193),(1722,'鹤城区',194),(1723,'中方县',194),(1724,'沅陵县',194),(1725,'辰溪县',194),(1726,'溆浦县',194),(1727,'会同县',194),(1728,'麻阳苗族自治县',194),(1729,'新晃侗族自治县',194),(1730,'芷江侗族自治县',194),(1731,'靖州苗族侗族自治县',194),(1732,'通道侗族自治县',194),(1733,'洪江市',194),(1734,'娄星区',195),(1735,'双峰县',195),(1736,'新化县',195),(1737,'冷水江市',195),(1738,'涟源市',195),(1739,'吉首市',196),(1740,'泸溪县',196),(1741,'凤凰县',196),(1742,'花垣县',196),(1743,'保靖县',196),(1744,'古丈县',196),(1745,'永顺县',196),(1746,'龙山县',196),(1747,'东山区',197),(1748,'荔湾区',197),(1749,'越秀区',197),(1750,'海珠区',197),(1751,'天河区',197),(1752,'芳村区',197),(1753,'白云区',197),(1754,'黄埔区',197),(1755,'番禺区',197),(1756,'花都区',197),(1757,'增城市',197),(1758,'从化市',197),(1759,'武江区',198),(1760,'浈江区',198),(1761,'曲江区',198),(1762,'始兴县',198),(1763,'仁化县',198),(1764,'翁源县',198),(1765,'乳源瑶族自治县',198),(1766,'新丰县',198),(1767,'乐昌市',198),(1768,'南雄市',198),(1769,'罗湖区',199),(1770,'福田区',199),(1771,'南山区',199),(1772,'宝安区',199),(1773,'龙岗区',199),(1774,'盐田区',199),(1775,'香洲区',200),(1776,'斗门区',200),(1777,'金湾区',200),(1778,'龙湖区',201),(1779,'金平区',201),(1780,'濠江区',201),(1781,'潮阳区',201),(1782,'潮南区',201),(1783,'澄海区',201),(1784,'南澳县',201),(1785,'禅城区',202),(1786,'南海区',202),(1787,'顺德区',202),(1788,'三水区',202),(1789,'高明区',202),(1790,'蓬江区',203),(1791,'江海区',203),(1792,'新会区',203),(1793,'台山市',203),(1794,'开平市',203),(1795,'鹤山市',203),(1796,'恩平市',203),(1797,'赤坎区',204),(1798,'霞山区',204),(1799,'坡头区',204),(1800,'麻章区',204),(1801,'遂溪县',204),(1802,'徐闻县',204),(1803,'廉江市',204),(1804,'雷州市',204),(1805,'吴川市',204),(1806,'茂南区',205),(1807,'茂港区',205),(1808,'电白县',205),(1809,'高州市',205),(1810,'化州市',205),(1811,'信宜市',205),(1812,'端州区',206),(1813,'鼎湖区',206),(1814,'广宁县',206),(1815,'怀集县',206),(1816,'封开县',206),(1817,'德庆县',206),(1818,'高要市',206),(1819,'四会市',206),(1820,'惠城区',207),(1821,'惠阳区',207),(1822,'博罗县',207),(1823,'惠东县',207),(1824,'龙门县',207),(1825,'梅江区',208),(1826,'梅县',208),(1827,'大埔县',208),(1828,'丰顺县',208),(1829,'五华县',208),(1830,'平远县',208),(1831,'蕉岭县',208),(1832,'兴宁市',208),(1833,'城区',209),(1834,'海丰县',209),(1835,'陆河县',209),(1836,'陆丰市',209),(1837,'源城区',210),(1838,'紫金县',210),(1839,'龙川县',210),(1840,'连平县',210),(1841,'和平县',210),(1842,'东源县',210),(1843,'江城区',211),(1844,'阳西县',211),(1845,'阳东县',211),(1846,'阳春市',211),(1847,'清城区',212),(1848,'佛冈县',212),(1849,'阳山县',212),(1850,'连山壮族瑶族自治县',212),(1851,'连南瑶族自治县',212),(1852,'清新县',212),(1853,'英德市',212),(1854,'连州市',212),(1855,'湘桥区',215),(1856,'潮安县',215),(1857,'饶平县',215),(1858,'榕城区',216),(1859,'揭东县',216),(1860,'揭西县',216),(1861,'惠来县',216),(1862,'普宁市',216),(1863,'云城区',217),(1864,'新兴县',217),(1865,'郁南县',217),(1866,'云安县',217),(1867,'罗定市',217),(1868,'兴宁区',218),(1869,'青秀区',218),(1870,'江南区',218),(1871,'西乡塘区',218),(1872,'良庆区',218),(1873,'邕宁区',218),(1874,'武鸣县',218),(1875,'隆安县',218),(1876,'马山县',218),(1877,'上林县',218),(1878,'宾阳县',218),(1879,'横县',218),(1880,'城中区',219),(1881,'鱼峰区',219),(1882,'柳南区',219),(1883,'柳北区',219),(1884,'柳江县',219),(1885,'柳城县',219),(1886,'鹿寨县',219),(1887,'融安县',219),(1888,'融水苗族自治县',219),(1889,'三江侗族自治县',219),(1890,'秀峰区',220),(1891,'叠彩区',220),(1892,'象山区',220),(1893,'七星区',220),(1894,'雁山区',220),(1895,'阳朔县',220),(1896,'临桂县',220),(1897,'灵川县',220),(1898,'全州县',220),(1899,'兴安县',220),(1900,'永福县',220),(1901,'灌阳县',220),(1902,'龙胜各族自治县',220),(1903,'资源县',220),(1904,'平乐县',220),(1905,'荔蒲县',220),(1906,'恭城瑶族自治县',220),(1907,'万秀区',221),(1908,'蝶山区',221),(1909,'长洲区',221),(1910,'苍梧县',221),(1911,'藤县',221),(1912,'蒙山县',221),(1913,'岑溪市',221),(1914,'海城区',222),(1915,'银海区',222),(1916,'铁山港区',222),(1917,'合浦县',222),(1918,'港口区',223),(1919,'防城区',223),(1920,'上思县',223),(1921,'东兴市',223),(1922,'钦南区',224),(1923,'钦北区',224),(1924,'灵山县',224),(1925,'浦北县',224),(1926,'港北区',225),(1927,'港南区',225),(1928,'覃塘区',225),(1929,'平南县',225),(1930,'桂平市',225),(1931,'玉州区',226),(1932,'容县',226),(1933,'陆川县',226),(1934,'博白县',226),(1935,'兴业县',226),(1936,'北流市',226),(1937,'右江区',227),(1938,'田阳县',227),(1939,'田东县',227),(1940,'平果县',227),(1941,'德保县',227),(1942,'靖西县',227),(1943,'那坡县',227),(1944,'凌云县',227),(1945,'乐业县',227),(1946,'田林县',227),(1947,'西林县',227),(1948,'隆林各族自治县',227),(1949,'八步区',228),(1950,'昭平县',228),(1951,'钟山县',228),(1952,'富川瑶族自治县',228),(1953,'金城江区',229),(1954,'南丹县',229),(1955,'天峨县',229),(1956,'凤山县',229),(1957,'东兰县',229),(1958,'罗城仫佬族自治县',229),(1959,'环江毛南族自治县',229),(1960,'巴马瑶族自治县',229),(1961,'都安瑶族自治县',229),(1962,'大化瑶族自治县',229),(1963,'宜州市',229),(1964,'兴宾区',230),(1965,'忻城县',230),(1966,'象州县',230),(1967,'武宣县',230),(1968,'金秀瑶族自治县',230),(1969,'合山市',230),(1970,'江洲区',231),(1971,'扶绥县',231),(1972,'宁明县',231),(1973,'龙州县',231),(1974,'大新县',231),(1975,'天等县',231),(1976,'凭祥市',231),(1977,'秀英区',232),(1978,'龙华区',232),(1979,'琼山区',232),(1980,'美兰区',232),(1981,'五指山市',233),(1982,'琼海市',233),(1983,'儋州市',233),(1984,'文昌市',233),(1985,'万宁市',233),(1986,'东方市',233),(1987,'定安县',233),(1988,'屯昌县',233),(1989,'澄迈县',233),(1990,'临高县',233),(1991,'白沙黎族自治县',233),(1992,'昌江黎族自治县',233),(1993,'乐东黎族自治县',233),(1994,'陵水黎族自治县',233),(1995,'保亭黎族苗族自治县',233),(1996,'琼中黎族苗族自治县',233),(1997,'西沙群岛',233),(1998,'南沙群岛',233),(1999,'中沙群岛的岛礁及其海域',233),(2000,'万州区',234),(2001,'涪陵区',234),(2002,'渝中区',234),(2003,'大渡口区',234),(2004,'江北区',234),(2005,'沙坪坝区',234),(2006,'九龙坡区',234),(2007,'南岸区',234),(2008,'北碚区',234),(2009,'万盛区',234),(2010,'双桥区',234),(2011,'渝北区',234),(2012,'巴南区',234),(2013,'黔江区',234),(2014,'长寿区',234),(2015,'綦江县',234),(2016,'潼南县',234),(2017,'铜梁县',234),(2018,'大足县',234),(2019,'荣昌县',234),(2020,'璧山县',234),(2021,'梁平县',234),(2022,'城口县',234),(2023,'丰都县',234),(2024,'垫江县',234),(2025,'武隆县',234),(2026,'忠县',234),(2027,'开县',234),(2028,'云阳县',234),(2029,'奉节县',234),(2030,'巫山县',234),(2031,'巫溪县',234),(2032,'石柱土家族自治县',234),(2033,'秀山土家族苗族自治县',234),(2034,'酉阳土家族苗族自治县',234),(2035,'彭水苗族土家族自治县',234),(2036,'江津市',234),(2037,'合川市',234),(2038,'永川市',234),(2039,'南川市',234),(2040,'锦江区',235),(2041,'青羊区',235),(2042,'金牛区',235),(2043,'武侯区',235),(2044,'成华区',235),(2045,'龙泉驿区',235),(2046,'青白江区',235),(2047,'新都区',235),(2048,'温江区',235),(2049,'金堂县',235),(2050,'双流县',235),(2051,'郫县',235),(2052,'大邑县',235),(2053,'蒲江县',235),(2054,'新津县',235),(2055,'都江堰市',235),(2056,'彭州市',235),(2057,'邛崃市',235),(2058,'崇州市',235),(2059,'自流井区',236),(2060,'贡井区',236),(2061,'大安区',236),(2062,'沿滩区',236),(2063,'荣县',236),(2064,'富顺县',236),(2065,'东区',237),(2066,'西区',237),(2067,'仁和区',237),(2068,'米易县',237),(2069,'盐边县',237),(2070,'江阳区',238),(2071,'纳溪区',238),(2072,'龙马潭区',238),(2073,'泸县',238),(2074,'合江县',238),(2075,'叙永县',238),(2076,'古蔺县',238),(2077,'旌阳区',239),(2078,'中江县',239),(2079,'罗江县',239),(2080,'广汉市',239),(2081,'什邡市',239),(2082,'绵竹市',239),(2083,'涪城区',240),(2084,'游仙区',240),(2085,'三台县',240),(2086,'盐亭县',240),(2087,'安县',240),(2088,'梓潼县',240),(2089,'北川羌族自治县',240),(2090,'平武县',240),(2091,'江油市',240),(2092,'市中区',241),(2093,'元坝区',241),(2094,'朝天区',241),(2095,'旺苍县',241),(2096,'青川县',241),(2097,'剑阁县',241),(2098,'苍溪县',241),(2099,'船山区',242),(2100,'安居区',242),(2101,'蓬溪县',242),(2102,'射洪县',242),(2103,'大英县',242),(2104,'市中区',243),(2105,'东兴区',243),(2106,'威远县',243),(2107,'资中县',243),(2108,'隆昌县',243),(2109,'市中区',244),(2110,'沙湾区',244),(2111,'五通桥区',244),(2112,'金口河区',244),(2113,'犍为县',244),(2114,'井研县',244),(2115,'夹江县',244),(2116,'沐川县',244),(2117,'峨边彝族自治县',244),(2118,'马边彝族自治县',244),(2119,'峨眉山市',244),(2120,'顺庆区',245),(2121,'高坪区',245),(2122,'嘉陵区',245),(2123,'南部县',245),(2124,'营山县',245),(2125,'蓬安县',245),(2126,'仪陇县',245),(2127,'西充县',245),(2128,'阆中市',245),(2129,'东坡区',246),(2130,'仁寿县',246),(2131,'彭山县',246),(2132,'洪雅县',246),(2133,'丹棱县',246),(2134,'青神县',246),(2135,'翠屏区',247),(2136,'宜宾县',247),(2137,'南溪县',247),(2138,'江安县',247),(2139,'长宁县',247),(2140,'高县',247),(2141,'珙县',247),(2142,'筠连县',247),(2143,'兴文县',247),(2144,'屏山县',247),(2145,'广安区',248),(2146,'岳池县',248),(2147,'武胜县',248),(2148,'邻水县',248),(2149,'华蓥市',248),(2150,'通川区',249),(2151,'达县',249),(2152,'宣汉县',249),(2153,'开江县',249),(2154,'大竹县',249),(2155,'渠县',249),(2156,'万源市',249),(2157,'雨城区',250),(2158,'名山县',250),(2159,'荥经县',250),(2160,'汉源县',250),(2161,'石棉县',250),(2162,'天全县',250),(2163,'芦山县',250),(2164,'宝兴县',250),(2165,'巴州区',251),(2166,'通江县',251),(2167,'南江县',251),(2168,'平昌县',251),(2169,'雁江区',252),(2170,'安岳县',252),(2171,'乐至县',252),(2172,'简阳市',252),(2173,'汶川县',253),(2174,'理县',253),(2175,'茂县',253),(2176,'松潘县',253),(2177,'九寨沟县',253),(2178,'金川县',253),(2179,'小金县',253),(2180,'黑水县',253),(2181,'马尔康县',253),(2182,'壤塘县',253),(2183,'阿坝县',253),(2184,'若尔盖县',253),(2185,'红原县',253),(2186,'康定县',254),(2187,'泸定县',254),(2188,'丹巴县',254),(2189,'九龙县',254),(2190,'雅江县',254),(2191,'道孚县',254),(2192,'炉霍县',254),(2193,'甘孜县',254),(2194,'新龙县',254),(2195,'德格县',254),(2196,'白玉县',254),(2197,'石渠县',254),(2198,'色达县',254),(2199,'理塘县',254),(2200,'巴塘县',254),(2201,'乡城县',254),(2202,'稻城县',254),(2203,'得荣县',254),(2204,'西昌市',255),(2205,'木里藏族自治县',255),(2206,'盐源县',255),(2207,'德昌县',255),(2208,'会理县',255),(2209,'会东县',255),(2210,'宁南县',255),(2211,'普格县',255),(2212,'布拖县',255),(2213,'金阳县',255),(2214,'昭觉县',255),(2215,'喜德县',255),(2216,'冕宁县',255),(2217,'越西县',255),(2218,'甘洛县',255),(2219,'美姑县',255),(2220,'雷波县',255),(2221,'南明区',256),(2222,'云岩区',256),(2223,'花溪区',256),(2224,'乌当区',256),(2225,'白云区',256),(2226,'小河区',256),(2227,'开阳县',256),(2228,'息烽县',256),(2229,'修文县',256),(2230,'清镇市',256),(2231,'钟山区',257),(2232,'六枝特区',257),(2233,'水城县',257),(2234,'盘县',257),(2235,'红花岗区',258),(2236,'汇川区',258),(2237,'遵义县',258),(2238,'桐梓县',258),(2239,'绥阳县',258),(2240,'正安县',258),(2241,'道真仡佬族苗族自治县',258),(2242,'务川仡佬族苗族自治县',258),(2243,'凤冈县',258),(2244,'湄潭县',258),(2245,'余庆县',258),(2246,'习水县',258),(2247,'赤水市',258),(2248,'仁怀市',258),(2249,'西秀区',259),(2250,'平坝县',259),(2251,'普定县',259),(2252,'镇宁布依族苗族自治县',259),(2253,'关岭布依族苗族自治县',259),(2254,'紫云苗族布依族自治县',259),(2255,'铜仁市',260),(2256,'江口县',260),(2257,'玉屏侗族自治县',260),(2258,'石阡县',260),(2259,'思南县',260),(2260,'印江土家族苗族自治县',260),(2261,'德江县',260),(2262,'沿河土家族自治县',260),(2263,'松桃苗族自治县',260),(2264,'万山特区',260),(2265,'兴义市',261),(2266,'兴仁县',261),(2267,'普安县',261),(2268,'晴隆县',261),(2269,'贞丰县',261),(2270,'望谟县',261),(2271,'册亨县',261),(2272,'安龙县',261),(2273,'毕节市',262),(2274,'大方县',262),(2275,'黔西县',262),(2276,'金沙县',262),(2277,'织金县',262),(2278,'纳雍县',262),(2279,'威宁彝族回族苗族自治县',262),(2280,'赫章县',262),(2281,'凯里市',263),(2282,'黄平县',263),(2283,'施秉县',263),(2284,'三穗县',263),(2285,'镇远县',263),(2286,'岑巩县',263),(2287,'天柱县',263),(2288,'锦屏县',263),(2289,'剑河县',263),(2290,'台江县',263),(2291,'黎平县',263),(2292,'榕江县',263),(2293,'从江县',263),(2294,'雷山县',263),(2295,'麻江县',263),(2296,'丹寨县',263),(2297,'都匀市',264),(2298,'福泉市',264),(2299,'荔波县',264),(2300,'贵定县',264),(2301,'瓮安县',264),(2302,'独山县',264),(2303,'平塘县',264),(2304,'罗甸县',264),(2305,'长顺县',264),(2306,'龙里县',264),(2307,'惠水县',264),(2308,'三都水族自治县',264),(2309,'五华区',265),(2310,'盘龙区',265),(2311,'官渡区',265),(2312,'西山区',265),(2313,'东川区',265),(2314,'呈贡县',265),(2315,'晋宁县',265),(2316,'富民县',265),(2317,'宜良县',265),(2318,'石林彝族自治县',265),(2319,'嵩明县',265),(2320,'禄劝彝族苗族自治县',265),(2321,'寻甸回族彝族自治县',265),(2322,'安宁市',265),(2323,'麒麟区',266),(2324,'马龙县',266),(2325,'陆良县',266),(2326,'师宗县',266),(2327,'罗平县',266),(2328,'富源县',266),(2329,'会泽县',266),(2330,'沾益县',266),(2331,'宣威市',266),(2332,'红塔区',267),(2333,'江川县',267),(2334,'澄江县',267),(2335,'通海县',267),(2336,'华宁县',267),(2337,'易门县',267),(2338,'峨山彝族自治县',267),(2339,'新平彝族傣族自治县',267),(2340,'元江哈尼族彝族傣族自治县',267),(2341,'隆阳区',268),(2342,'施甸县',268),(2343,'腾冲县',268),(2344,'龙陵县',268),(2345,'昌宁县',268),(2346,'昭阳区',269),(2347,'鲁甸县',269),(2348,'巧家县',269),(2349,'盐津县',269),(2350,'大关县',269),(2351,'永善县',269),(2352,'绥江县',269),(2353,'镇雄县',269),(2354,'彝良县',269),(2355,'威信县',269),(2356,'水富县',269),(2357,'古城区',270),(2358,'玉龙纳西族自治县',270),(2359,'永胜县',270),(2360,'华坪县',270),(2361,'宁蒗彝族自治县',270),(2362,'翠云区',271),(2363,'普洱哈尼族彝族自治县',271),(2364,'墨江哈尼族自治县',271),(2365,'景东彝族自治县',271),(2366,'景谷傣族彝族自治县',271),(2367,'镇沅彝族哈尼族拉祜族自治县',271),(2368,'江城哈尼族彝族自治县',271),(2369,'孟连傣族拉祜族佤族自治县',271),(2370,'澜沧拉祜族自治县',271),(2371,'西盟佤族自治县',271),(2372,'临翔区',272),(2373,'凤庆县',272),(2374,'云县',272),(2375,'永德县',272),(2376,'镇康县',272),(2377,'双江拉祜族佤族布朗族傣族自治县',272),(2378,'耿马傣族佤族自治县',272),(2379,'沧源佤族自治县',272),(2380,'楚雄市',273),(2381,'双柏县',273),(2382,'牟定县',273),(2383,'南华县',273),(2384,'姚安县',273),(2385,'大姚县',273),(2386,'永仁县',273),(2387,'元谋县',273),(2388,'武定县',273),(2389,'禄丰县',273),(2390,'个旧市',274),(2391,'开远市',274),(2392,'蒙自县',274),(2393,'屏边苗族自治县',274),(2394,'建水县',274),(2395,'石屏县',274),(2396,'弥勒县',274),(2397,'泸西县',274),(2398,'元阳县',274),(2399,'红河县',274),(2400,'金平苗族瑶族傣族自治县',274),(2401,'绿春县',274),(2402,'河口瑶族自治县',274),(2403,'文山县',275),(2404,'砚山县',275),(2405,'西畴县',275),(2406,'麻栗坡县',275),(2407,'马关县',275),(2408,'丘北县',275),(2409,'广南县',275),(2410,'富宁县',275),(2411,'景洪市',276),(2412,'勐海县',276),(2413,'勐腊县',276),(2414,'大理市',277),(2415,'漾濞彝族自治县',277),(2416,'祥云县',277),(2417,'宾川县',277),(2418,'弥渡县',277),(2419,'南涧彝族自治县',277),(2420,'巍山彝族回族自治县',277),(2421,'永平县',277),(2422,'云龙县',277),(2423,'洱源县',277),(2424,'剑川县',277),(2425,'鹤庆县',277),(2426,'瑞丽市',278),(2427,'潞西市',278),(2428,'梁河县',278),(2429,'盈江县',278),(2430,'陇川县',278),(2431,'泸水县',279),(2432,'福贡县',279),(2433,'贡山独龙族怒族自治县',279),(2434,'兰坪白族普米族自治县',279),(2435,'香格里拉县',280),(2436,'德钦县',280),(2437,'维西傈僳族自治县',280),(2438,'城关区',281),(2439,'林周县',281),(2440,'当雄县',281),(2441,'尼木县',281),(2442,'曲水县',281),(2443,'堆龙德庆县',281),(2444,'达孜县',281),(2445,'墨竹工卡县',281),(2446,'昌都县',282),(2447,'江达县',282),(2448,'贡觉县',282),(2449,'类乌齐县',282),(2450,'丁青县',282),(2451,'察雅县',282),(2452,'八宿县',282),(2453,'左贡县',282),(2454,'芒康县',282),(2455,'洛隆县',282),(2456,'边坝县',282),(2457,'乃东县',283),(2458,'扎囊县',283),(2459,'贡嘎县',283),(2460,'桑日县',283),(2461,'琼结县',283),(2462,'曲松县',283),(2463,'措美县',283),(2464,'洛扎县',283),(2465,'加查县',283),(2466,'隆子县',283),(2467,'错那县',283),(2468,'浪卡子县',283),(2469,'日喀则市',284),(2470,'南木林县',284),(2471,'江孜县',284),(2472,'定日县',284),(2473,'萨迦县',284),(2474,'拉孜县',284),(2475,'昂仁县',284),(2476,'谢通门县',284),(2477,'白朗县',284),(2478,'仁布县',284),(2479,'康马县',284),(2480,'定结县',284),(2481,'仲巴县',284),(2482,'亚东县',284),(2483,'吉隆县',284),(2484,'聂拉木县',284),(2485,'萨嘎县',284),(2486,'岗巴县',284),(2487,'那曲县',285),(2488,'嘉黎县',285),(2489,'比如县',285),(2490,'聂荣县',285),(2491,'安多县',285),(2492,'申扎县',285),(2493,'索县',285),(2494,'班戈县',285),(2495,'巴青县',285),(2496,'尼玛县',285),(2497,'普兰县',286),(2498,'札达县',286),(2499,'噶尔县',286),(2500,'日土县',286),(2501,'革吉县',286),(2502,'改则县',286),(2503,'措勤县',286),(2504,'林芝县',287),(2505,'工布江达县',287),(2506,'米林县',287),(2507,'墨脱县',287),(2508,'波密县',287),(2509,'察隅县',287),(2510,'朗县',287),(2511,'新城区',288),(2512,'碑林区',288),(2513,'莲湖区',288),(2514,'灞桥区',288),(2515,'未央区',288),(2516,'雁塔区',288),(2517,'阎良区',288),(2518,'临潼区',288),(2519,'长安区',288),(2520,'蓝田县',288),(2521,'周至县',288),(2522,'户县',288),(2523,'高陵县',288),(2524,'王益区',289),(2525,'印台区',289),(2526,'耀州区',289),(2527,'宜君县',289),(2528,'渭滨区',290),(2529,'金台区',290),(2530,'陈仓区',290),(2531,'凤翔县',290),(2532,'岐山县',290),(2533,'扶风县',290),(2534,'眉县',290),(2535,'陇县',290),(2536,'千阳县',290),(2537,'麟游县',290),(2538,'凤县',290),(2539,'太白县',290),(2540,'秦都区',291),(2541,'杨凌区',291),(2542,'渭城区',291),(2543,'三原县',291),(2544,'泾阳县',291),(2545,'乾县',291),(2546,'礼泉县',291),(2547,'永寿县',291),(2548,'彬县',291),(2549,'长武县',291),(2550,'旬邑县',291),(2551,'淳化县',291),(2552,'武功县',291),(2553,'兴平市',291),(2554,'临渭区',292),(2555,'华县',292),(2556,'潼关县',292),(2557,'大荔县',292),(2558,'合阳县',292),(2559,'澄城县',292),(2560,'蒲城县',292),(2561,'白水县',292),(2562,'富平县',292),(2563,'韩城市',292),(2564,'华阴市',292),(2565,'宝塔区',293),(2566,'延长县',293),(2567,'延川县',293),(2568,'子长县',293),(2569,'安塞县',293),(2570,'志丹县',293),(2571,'吴旗县',293),(2572,'甘泉县',293),(2573,'富县',293),(2574,'洛川县',293),(2575,'宜川县',293),(2576,'黄龙县',293),(2577,'黄陵县',293),(2578,'汉台区',294),(2579,'南郑县',294),(2580,'城固县',294),(2581,'洋县',294),(2582,'西乡县',294),(2583,'勉县',294),(2584,'宁强县',294),(2585,'略阳县',294),(2586,'镇巴县',294),(2587,'留坝县',294),(2588,'佛坪县',294),(2589,'榆阳区',295),(2590,'神木县',295),(2591,'府谷县',295),(2592,'横山县',295),(2593,'靖边县',295),(2594,'定边县',295),(2595,'绥德县',295),(2596,'米脂县',295),(2597,'佳县',295),(2598,'吴堡县',295),(2599,'清涧县',295),(2600,'子洲县',295),(2601,'汉滨区',296),(2602,'汉阴县',296),(2603,'石泉县',296),(2604,'宁陕县',296),(2605,'紫阳县',296),(2606,'岚皋县',296),(2607,'平利县',296),(2608,'镇坪县',296),(2609,'旬阳县',296),(2610,'白河县',296),(2611,'商州区',297),(2612,'洛南县',297),(2613,'丹凤县',297),(2614,'商南县',297),(2615,'山阳县',297),(2616,'镇安县',297),(2617,'柞水县',297),(2618,'城关区',298),(2619,'七里河区',298),(2620,'西固区',298),(2621,'安宁区',298),(2622,'红古区',298),(2623,'永登县',298),(2624,'皋兰县',298),(2625,'榆中县',298),(2626,'金川区',300),(2627,'永昌县',300),(2628,'白银区',301),(2629,'平川区',301),(2630,'靖远县',301),(2631,'会宁县',301),(2632,'景泰县',301),(2633,'秦城区',302),(2634,'北道区',302),(2635,'清水县',302),(2636,'秦安县',302),(2637,'甘谷县',302),(2638,'武山县',302),(2639,'张家川回族自治县',302),(2640,'凉州区',303),(2641,'民勤县',303),(2642,'古浪县',303),(2643,'天祝藏族自治县',303),(2644,'甘州区',304),(2645,'肃南裕固族自治县',304),(2646,'民乐县',304),(2647,'临泽县',304),(2648,'高台县',304),(2649,'山丹县',304),(2650,'崆峒区',305),(2651,'泾川县',305),(2652,'灵台县',305),(2653,'崇信县',305),(2654,'华亭县',305),(2655,'庄浪县',305),(2656,'静宁县',305),(2657,'肃州区',306),(2658,'金塔县',306),(2659,'安西县',306),(2660,'肃北蒙古族自治县',306),(2661,'阿克塞哈萨克族自治县',306),(2662,'玉门市',306),(2663,'敦煌市',306),(2664,'西峰区',307),(2665,'庆城县',307),(2666,'环县',307),(2667,'华池县',307),(2668,'合水县',307),(2669,'正宁县',307),(2670,'宁县',307),(2671,'镇原县',307),(2672,'安定区',308),(2673,'通渭县',308),(2674,'陇西县',308),(2675,'渭源县',308),(2676,'临洮县',308),(2677,'漳县',308),(2678,'岷县',308),(2679,'武都区',309),(2680,'成县',309),(2681,'文县',309),(2682,'宕昌县',309),(2683,'康县',309),(2684,'西和县',309),(2685,'礼县',309),(2686,'徽县',309),(2687,'两当县',309),(2688,'临夏市',310),(2689,'临夏县',310),(2690,'康乐县',310),(2691,'永靖县',310),(2692,'广河县',310),(2693,'和政县',310),(2694,'东乡族自治县',310),(2695,'积石山保安族东乡族撒拉族自治县',310),(2696,'合作市',311),(2697,'临潭县',311),(2698,'卓尼县',311),(2699,'舟曲县',311),(2700,'迭部县',311),(2701,'玛曲县',311),(2702,'碌曲县',311),(2703,'夏河县',311),(2704,'城东区',312),(2705,'城中区',312),(2706,'城西区',312),(2707,'城北区',312),(2708,'大通回族土族自治县',312),(2709,'湟中县',312),(2710,'湟源县',312),(2711,'平安县',313),(2712,'民和回族土族自治县',313),(2713,'乐都县',313),(2714,'互助土族自治县',313),(2715,'化隆回族自治县',313),(2716,'循化撒拉族自治县',313),(2717,'门源回族自治县',314),(2718,'祁连县',314),(2719,'海晏县',314),(2720,'刚察县',314),(2721,'同仁县',315),(2722,'尖扎县',315),(2723,'泽库县',315),(2724,'河南蒙古族自治县',315),(2725,'共和县',316),(2726,'同德县',316),(2727,'贵德县',316),(2728,'兴海县',316),(2729,'贵南县',316),(2730,'玛沁县',317),(2731,'班玛县',317),(2732,'甘德县',317),(2733,'达日县',317),(2734,'久治县',317),(2735,'玛多县',317),(2736,'玉树县',318),(2737,'杂多县',318),(2738,'称多县',318),(2739,'治多县',318),(2740,'囊谦县',318),(2741,'曲麻莱县',318),(2742,'格尔木市',319),(2743,'德令哈市',319),(2744,'乌兰县',319),(2745,'都兰县',319),(2746,'天峻县',319),(2747,'兴庆区',320),(2748,'西夏区',320),(2749,'金凤区',320),(2750,'永宁县',320),(2751,'贺兰县',320),(2752,'灵武市',320),(2753,'大武口区',321),(2754,'惠农区',321),(2755,'平罗县',321),(2756,'利通区',322),(2757,'盐池县',322),(2758,'同心县',322),(2759,'青铜峡市',322),(2760,'原州区',323),(2761,'西吉县',323),(2762,'隆德县',323),(2763,'泾源县',323),(2764,'彭阳县',323),(2765,'沙坡头区',324),(2766,'中宁县',324),(2767,'海原县',324),(2768,'天山区',325),(2769,'沙依巴克区',325),(2770,'新市区',325),(2771,'水磨沟区',325),(2772,'头屯河区',325),(2773,'达坂城区',325),(2774,'东山区',325),(2775,'乌鲁木齐县',325),(2776,'独山子区',326),(2777,'克拉玛依区',326),(2778,'白碱滩区',326),(2779,'乌尔禾区',326),(2780,'吐鲁番市',327),(2781,'鄯善县',327),(2782,'托克逊县',327),(2783,'哈密市',328),(2784,'巴里坤哈萨克自治县',328),(2785,'伊吾县',328),(2786,'昌吉市',329),(2787,'阜康市',329),(2788,'米泉市',329),(2789,'呼图壁县',329),(2790,'玛纳斯县',329),(2791,'奇台县',329),(2792,'吉木萨尔县',329),(2793,'木垒哈萨克自治县',329),(2794,'博乐市',330),(2795,'精河县',330),(2796,'温泉县',330),(2797,'库尔勒市',331),(2798,'轮台县',331),(2799,'尉犁县',331),(2800,'若羌县',331),(2801,'且末县',331),(2802,'焉耆回族自治县',331),(2803,'和静县',331),(2804,'和硕县',331),(2805,'博湖县',331),(2806,'阿克苏市',332),(2807,'温宿县',332),(2808,'库车县',332),(2809,'沙雅县',332),(2810,'新和县',332),(2811,'拜城县',332),(2812,'乌什县',332),(2813,'阿瓦提县',332),(2814,'柯坪县',332),(2815,'阿图什市',333),(2816,'阿克陶县',333),(2817,'阿合奇县',333),(2818,'乌恰县',333),(2819,'喀什市',334),(2820,'疏附县',334),(2821,'疏勒县',334),(2822,'英吉沙县',334),(2823,'泽普县',334),(2824,'莎车县',334),(2825,'叶城县',334),(2826,'麦盖提县',334),(2827,'岳普湖县',334),(2828,'伽师县',334),(2829,'巴楚县',334),(2830,'塔什库尔干塔吉克自治县',334),(2831,'和田市',335),(2832,'和田县',335),(2833,'墨玉县',335),(2834,'皮山县',335),(2835,'洛浦县',335),(2836,'策勒县',335),(2837,'于田县',335),(2838,'民丰县',335),(2839,'伊宁市',336),(2840,'奎屯市',336),(2841,'伊宁县',336),(2842,'察布查尔锡伯自治县',336),(2843,'霍城县',336),(2844,'巩留县',336),(2845,'新源县',336),(2846,'昭苏县',336),(2847,'特克斯县',336),(2848,'尼勒克县',336),(2849,'塔城市',337),(2850,'乌苏市',337),(2851,'额敏县',337),(2852,'沙湾县',337),(2853,'托里县',337),(2854,'裕民县',337),(2855,'和布克赛尔蒙古自治县',337),(2856,'阿勒泰市',338),(2857,'布尔津县',338),(2858,'富蕴县',338),(2859,'福海县',338),(2860,'哈巴河县',338),(2861,'青河县',338),(2862,'吉木乃县',338);

/*Table structure for table `t_home_page_info` */

DROP TABLE IF EXISTS `t_home_page_info`;

CREATE TABLE `t_home_page_info` (
  `ID` int(11) NOT NULL AUTO_INCREMENT COMMENT '主键',
  `TITLE1` varchar(16) NOT NULL COMMENT '标题1',
  `CONTENT1` text COMMENT '内容1',
  `TITLE2` varchar(16) NOT NULL COMMENT '标题2',
  `CONTENT2` text COMMENT '内容2',
  `TITLE3` varchar(16) NOT NULL COMMENT '标题3',
  `CONTENT3` text COMMENT '内容3',
  `TITLE4` varchar(16) NOT NULL COMMENT '标题4',
  `CONTENT4` text COMMENT '内容4',
  `CREATE_TIME` datetime DEFAULT CURRENT_TIMESTAMP COMMENT '创建时间',
  `CREATE_BY` int(11) DEFAULT NULL COMMENT '创建人',
  `UPDATE_TIME` datetime DEFAULT CURRENT_TIMESTAMP ON UPDATE CURRENT_TIMESTAMP COMMENT '更新时间',
  `UPDATE_BY` int(11) DEFAULT NULL COMMENT '更新人',
  PRIMARY KEY (`ID`) USING BTREE
) ENGINE=MyISAM AUTO_INCREMENT=9 DEFAULT CHARSET=utf8mb4 ROW_FORMAT=DYNAMIC COMMENT='信息表';

/*Data for the table `t_home_page_info` */

/*Table structure for table `t_nurse_plan` */

DROP TABLE IF EXISTS `t_nurse_plan`;

CREATE TABLE `t_nurse_plan` (
  `NURSE_PLAN_ID` int(11) NOT NULL AUTO_INCREMENT COMMENT '服务方案编号',
  `CUSTOM_ID` int(11) DEFAULT NULL COMMENT '客户主键',
  `BACKEND_PERSON_ID` int(11) DEFAULT NULL COMMENT '后台用户主键',
  `NURSE_PLAN_CONTENT` text COMMENT '服务方案内容',
  `NURSE_PLAN_TITLE` varchar(100) DEFAULT NULL COMMENT '服务方案标题',
  `NURSE_PLAN_BEGIN_DATE` date DEFAULT NULL COMMENT '方案开始日期\r\n',
  `NURSE_PLAN_TYPE` tinyint(4) DEFAULT NULL COMMENT '服务方案 1:生活助理 2:老龄照护 3:临床护理',
  `NURSE_PLAN_STATUS` tinyint(4) DEFAULT NULL COMMENT '方案状态(0:草稿 1:发布)',
  `USE_TYPE` tinyint(4) DEFAULT NULL COMMENT '使用状态 0:启动 1：停用',
  `DRAFT_DATE` datetime DEFAULT NULL COMMENT '制定日期',
  `CREATE_TIME` datetime DEFAULT CURRENT_TIMESTAMP COMMENT '创建时间',
  `CREATE_BY` int(11) DEFAULT NULL COMMENT '创建人',
  `UPDATE_TIME` datetime DEFAULT CURRENT_TIMESTAMP ON UPDATE CURRENT_TIMESTAMP COMMENT '更新时间',
  `UPDATE_BY` int(11) DEFAULT NULL COMMENT '更新人',
  PRIMARY KEY (`NURSE_PLAN_ID`) USING BTREE,
  KEY `FK_客户与护理方案关系` (`CUSTOM_ID`) USING BTREE,
  KEY `FK_服务人员_客户与护理计划关系` (`BACKEND_PERSON_ID`) USING BTREE
) ENGINE=MyISAM AUTO_INCREMENT=283 DEFAULT CHARSET=utf8mb4 ROW_FORMAT=DYNAMIC COMMENT='服务方案表';

/*Data for the table `t_nurse_plan` */

/*Table structure for table `t_operator_log` */

DROP TABLE IF EXISTS `t_operator_log`;

CREATE TABLE `t_operator_log` (
  `ID` bigint(20) NOT NULL AUTO_INCREMENT COMMENT '编号',
  `MODULE` varchar(1024) DEFAULT NULL COMMENT '模块名称',
  `METHOD` varchar(1024) DEFAULT NULL COMMENT '方法名称',
  `STATUS_DESC` varchar(2048) DEFAULT NULL COMMENT '状态描述',
  `EXCEPTION_INFO` varchar(1024) DEFAULT NULL COMMENT '异常信息',
  `CODE` tinyint(4) DEFAULT NULL COMMENT '编码 0:请求成功 1：请求失败',
  `ARGS` longtext COMMENT '参数',
  `USER_CODE` varchar(32) DEFAULT NULL COMMENT '员工ID-员工编号生成规则',
  `IP` varchar(1024) DEFAULT NULL COMMENT '操作人IP',
  `CREATE_TIME` datetime DEFAULT NULL COMMENT '创建时间',
  PRIMARY KEY (`ID`) USING BTREE
) ENGINE=MyISAM DEFAULT CHARSET=utf8mb4 ROW_FORMAT=DYNAMIC COMMENT='系统操作日志表';

/*Data for the table `t_operator_log` */

/*Table structure for table `t_permission` */

DROP TABLE IF EXISTS `t_permission`;

CREATE TABLE `t_permission` (
  `ROLE_ID` int(10) unsigned NOT NULL COMMENT '角色ID',
  `RESOURCE_ID` int(10) unsigned NOT NULL COMMENT '资源ID',
  PRIMARY KEY (`ROLE_ID`,`RESOURCE_ID`) USING BTREE
) ENGINE=MyISAM DEFAULT CHARSET=utf8mb4 CHECKSUM=1 ROW_FORMAT=FIXED COMMENT='角色资源关联表';

/*Data for the table `t_permission` */

insert  into `t_permission`(`ROLE_ID`,`RESOURCE_ID`) values (1,1),(1,2),(1,3),(1,4),(1,5),(1,6),(1,7),(1,8),(1,9),(1,10),(1,11),(1,12),(1,13),(1,14),(1,15),(1,16),(1,17),(1,18),(1,19),(1,20),(1,21),(1,22),(1,23),(1,24),(1,25),(1,26),(1,27),(1,28),(1,29),(1,30),(1,31),(1,32),(1,33),(1,34),(1,35),(1,36),(1,37),(1,38),(1,39),(1,40),(1,41),(1,42),(1,43),(1,44),(1,45),(1,46),(1,47),(1,48),(1,49),(1,50),(1,51),(1,52),(1,53),(1,54),(1,55),(1,56),(1,57),(1,58),(1,59),(1,60),(1,61),(1,62),(1,63),(1,64),(1,65);

/*Table structure for table `t_province` */

DROP TABLE IF EXISTS `t_province`;

CREATE TABLE `t_province` (
  `PROVINCE_ID` int(11) NOT NULL AUTO_INCREMENT COMMENT '省编号',
  `PROVINCE_NAME` varchar(32) DEFAULT NULL COMMENT '省名称',
  PRIMARY KEY (`PROVINCE_ID`) USING BTREE
) ENGINE=InnoDB AUTO_INCREMENT=35 DEFAULT CHARSET=utf8mb4 ROW_FORMAT=COMPACT COMMENT='省表';

/*Data for the table `t_province` */

insert  into `t_province`(`PROVINCE_ID`,`PROVINCE_NAME`) values (1,'北京市'),(2,'天津市'),(3,'河北省'),(4,'山西省'),(5,'内蒙古自治区'),(6,'辽宁省'),(7,'吉林省'),(8,'黑龙江省'),(9,'上海市'),(10,'江苏省'),(11,'浙江省'),(12,'安徽省'),(13,'福建省'),(14,'江西省'),(15,'山东省'),(16,'河南省'),(17,'湖北省'),(18,'湖南省'),(19,'广东省'),(20,'广西壮族自治区'),(21,'海南省'),(22,'重庆市'),(23,'四川省'),(24,'贵州省'),(25,'云南省'),(26,'西藏自治区'),(27,'陕西省'),(28,'甘肃省'),(29,'青海省'),(30,'宁夏回族自治区'),(31,'新疆维吾尔自治区'),(32,'香港特别行政区'),(33,'澳门特别行政区'),(34,'台湾省');

/*Table structure for table `t_resource` */

DROP TABLE IF EXISTS `t_resource`;

CREATE TABLE `t_resource` (
  `RESOURCE_ID` int(10) unsigned NOT NULL AUTO_INCREMENT COMMENT '资源ID',
  `PARENT_ID` int(10) NOT NULL COMMENT '父ID',
  `RESOURCE_NAME` varchar(200) NOT NULL COMMENT '资源名',
  `RESOURCE_TYPE` varchar(45) NOT NULL COMMENT '资源类型',
  `URL` varchar(256) NOT NULL COMMENT 'URL',
  `PERMISSION` varchar(256) NOT NULL COMMENT '权限字符串',
  `ORDER` int(11) NOT NULL COMMENT '排序',
  `STATUS` tinyint(1) unsigned NOT NULL DEFAULT '1' COMMENT '可用标志',
  `CREATE_TIME` datetime NOT NULL COMMENT '创建时间',
  `UPDATE_TIME` datetime DEFAULT NULL COMMENT '修改时间',
  PRIMARY KEY (`RESOURCE_ID`) USING BTREE,
  UNIQUE KEY `uniqueName` (`RESOURCE_NAME`) USING BTREE
) ENGINE=MyISAM AUTO_INCREMENT=67 DEFAULT CHARSET=utf8mb4 ROW_FORMAT=DYNAMIC COMMENT='资源表';

/*Data for the table `t_resource` */

insert  into `t_resource`(`RESOURCE_ID`,`PARENT_ID`,`RESOURCE_NAME`,`RESOURCE_TYPE`,`URL`,`PERMISSION`,`ORDER`,`STATUS`,`CREATE_TIME`,`UPDATE_TIME`) values (1,0,'服务任务管理','menu','/service/task','task:*',1,1,'2018-12-25 16:54:00','2018-12-25 16:54:00'),(2,0,'基本信息管理','menu','/basic/information','information:*',2,1,'2018-12-25 16:54:00','2018-12-25 16:54:00'),(3,0,'权限管理','menu','/permission','permission:*',3,1,'2018-12-25 16:54:00','2018-12-25 16:54:00'),(4,0,'系统功能','menu','/system/function','function:*',4,1,'2018-12-25 16:54:00','2018-12-25 16:54:00'),(5,1,'未分配任务管理','menu','undistributed-mission-management.html','task:*',1,1,'2018-12-25 16:54:00','2018-12-25 16:54:00'),(6,1,'服务任务池','menu','service-task-pool.html','task:*',2,1,'2018-12-25 16:54:00','2018-12-25 16:54:00'),(7,1,'任务管理','menu','service-task-management.html','task:*',3,1,'2018-12-25 16:54:00','2018-12-25 16:54:00'),(8,2,'客户信息管理','menu','customer-management.html','information:*',1,1,'2018-12-25 16:54:00','2018-12-25 16:54:00'),(9,2,'已发布服务方案管理','menu','published-care-plan-management.html','information:*',2,1,'2018-12-25 16:54:00','2018-12-25 16:54:00'),(10,2,'未发布服务方案管理','menu','unpublished-care-plan-management.html','information:*',3,1,'2019-01-15 10:05:00','2019-01-15 10:05:00'),(11,2,'服务人员信息管理','menu','service-person-management.html','information:*',4,1,'2018-12-25 16:54:00','2018-12-25 16:54:00'),(12,2,'后台用户信息管理','menu','backstage-user-management.html','information:*',5,1,'2018-12-25 16:54:00','2018-12-25 16:54:00'),(13,3,'权限角色管理','menu','role-management.html','permission:*',1,1,'2018-12-25 16:54:00','2018-12-25 16:54:00'),(14,3,'权限分配','menu','role-granting.html','permission:*',2,1,'2018-12-25 16:54:00','2018-12-25 16:54:00'),(15,4,'信息','menu','home-message.html','function:*',1,1,'2018-12-25 16:54:00','2018-12-25 16:54:00'),(16,4,'系统设置','menu','systerm-management.html','function:*',2,1,'2018-12-25 16:54:00','2018-12-25 16:54:00'),(17,4,'密码重置','menu','reset-password.html','function:*',3,1,'2018-12-25 16:54:00','2018-12-25 16:54:00'),(18,4,'密码修改','menu','modify-password.html','function:*',4,1,'2018-12-25 16:54:00','2018-12-25 16:54:00'),(19,5,'未分配任务查询','action','','task:query',0,1,'2018-12-25 16:54:00','2018-12-25 16:54:00'),(20,5,'未分配任务添加','action','','task:create',0,1,'2018-12-25 16:54:00','2018-12-25 16:54:00'),(21,5,'未分配任务编辑','action','','task:update',0,1,'2018-12-25 16:54:00','2018-12-25 16:54:00'),(22,5,'未分配任务删除','action','','task:delete',0,1,'2018-12-25 16:54:00','2018-12-25 16:54:00'),(23,6,'服务任务池查询','action','','pool:query',0,1,'2018-12-25 16:54:00','2018-12-25 16:54:00'),(24,7,'任务查询','action','','order:query',0,1,'2018-12-25 16:54:00','2018-12-25 16:54:00'),(25,7,'任务编辑','action','','order:update',0,1,'2018-12-25 16:54:00','2018-12-25 16:54:00'),(26,7,'任务删除','action','','order:delete',0,1,'2018-12-25 16:54:00','2018-12-25 16:54:00'),(27,8,'客户信息查询','action',' ','customer:query',0,1,'2019-01-25 14:32:00',NULL),(28,8,'客户信息添加','action',' ','customer:create',0,1,'2019-01-25 14:32:00',NULL),(29,8,'客户信息编辑','action',' ','customer:update',0,1,'2019-01-25 14:33:00',NULL),(30,8,'客户信息删除','action',' ','customer:delete',0,1,'2019-01-25 14:33:00',NULL),(31,9,'已发布服务方案查询','action','','planend:query',0,1,'2018-12-25 16:54:00','2018-12-25 16:54:00'),(32,9,'已发布服务方案添加','action','','planend:create',0,1,'2018-12-25 16:54:00','2018-12-25 16:54:00'),(33,9,'已发布服务方案编辑','action','','planend:update',0,1,'2018-12-25 16:54:00','2018-12-25 16:54:00'),(34,9,'已发布服务方案删除','action','','planend:delete',0,1,'2018-12-25 16:54:00','2018-12-25 16:54:00'),(35,9,'已发布服务方案取消发布','action','','planend:unpublish',0,1,'2018-12-25 16:54:00','2018-12-25 16:54:00'),(36,10,'未发布服务方案查询','action',' ','unpublish:query',0,1,'2019-01-15 10:21:00',NULL),(37,10,'未发布服务方案添加','action',' ','unpublish:create',0,1,'2019-01-15 10:23:00',NULL),(38,10,'未发布服务方案编辑','action',' ','unpublish:update',0,1,'2019-01-15 10:25:00',NULL),(39,10,'未发布服务方案删除','action',' ','unpublish:delete',0,1,'2019-01-15 10:25:00',NULL),(40,10,'未发布服务方案发布','action',' ','unpublish:publish',0,1,'2019-01-15 10:25:00',NULL),(41,11,'服务人员信息查询','action','','personal:query',0,1,'2018-12-25 16:54:00','2018-12-25 16:54:00'),(42,11,'服务人员信息添加','action','','personal:create',0,1,'2018-12-25 16:54:00','2018-12-25 16:54:00'),(43,11,'服务人员信息编辑','action','','personal:update',0,1,'2018-12-25 16:54:00','2018-12-25 16:54:00'),(44,11,'服务人员信息删除','action','','personal:delete',0,1,'2018-12-25 16:54:00','2018-12-25 16:54:00'),(45,12,'后台用户信息查询','action','','user:query',0,1,'2018-12-25 16:54:00','2018-12-25 16:54:00'),(46,12,'后台用户信息添加','action','','user:create',0,1,'2018-12-25 16:54:00','2018-12-25 16:54:00'),(47,12,'后台用户信息编辑','action','','user:update',0,1,'2018-12-25 16:54:00','2018-12-25 16:54:00'),(48,12,'后台用户信息删除','action','','user:delete',0,1,'2018-12-25 16:54:00','2018-12-25 16:54:00'),(49,13,'权限角色查询','action','','role:query',0,1,'2018-12-25 16:54:00','2018-12-25 16:54:00'),(50,13,'权限角色添加','action','','role:create',0,1,'2018-12-25 16:54:00','2018-12-25 16:54:00'),(51,13,'权限角色编辑','action','','role:update',0,1,'2018-12-25 16:54:00','2018-12-25 16:54:00'),(52,13,'权限角色删除','action','','role:delete',0,1,'2018-12-25 16:54:00','2018-12-25 16:54:00'),(53,13,'角色权限设置','action','','role:set',0,1,'2018-12-25 16:54:00','2018-12-25 16:54:00'),(54,14,'权限分配查询','action','','permission:query',0,1,'2018-12-25 16:54:00','2018-12-25 16:54:00'),(55,14,'权限分配编辑','action','','permission:update',0,1,'2018-12-25 16:54:00','2018-12-25 16:54:00'),(56,15,'信息查询','action','','home:query',0,1,'2018-12-25 16:54:00','2018-12-25 16:54:00'),(57,15,'信息编辑','action','','home:update',0,1,'2018-12-25 16:54:00','2018-12-25 16:54:00'),(58,15,'信息删除','action','','home:delete',0,1,'2018-12-25 16:54:00','2018-12-25 16:54:00'),(59,16,'系统设置查询','action',' ','system:query',0,1,'2018-12-26 15:47:00','2018-12-26 15:47:00'),(60,16,'系统设置编辑','action',' ','system:update',0,1,'2018-12-26 15:47:00','2018-12-26 15:47:00'),(61,16,'系统设置删除','action',' ','system:delete',0,1,'2018-12-26 15:47:00','2018-12-26 15:47:00'),(62,17,'密码重新设置','action',' ','password:set',0,1,'2018-12-26 15:51:00','2018-12-26 15:51:00'),(63,18,'密码更改','action',' ','password:update',0,1,'2018-12-26 15:51:00','2018-12-26 15:51:00'),(64,4,'日志信息','menu','log-view.html','function:*',4,0,'2018-12-25 16:54:00','2018-12-25 16:54:00'),(65,64,'日志查询','action',' ','log:query',0,0,'2019-02-27 11:57:00','2019-02-27 11:57:00');

/*Table structure for table `t_responsibility` */

DROP TABLE IF EXISTS `t_responsibility`;

CREATE TABLE `t_responsibility` (
  `USER_ID` int(10) unsigned NOT NULL COMMENT '用户ID',
  `ROLE_ID` int(10) unsigned NOT NULL COMMENT '角色ID',
  PRIMARY KEY (`USER_ID`,`ROLE_ID`) USING BTREE
) ENGINE=MyISAM DEFAULT CHARSET=utf8mb4 ROW_FORMAT=FIXED COMMENT='用户角色关联表';

/*Data for the table `t_responsibility` */

insert  into `t_responsibility`(`USER_ID`,`ROLE_ID`) values (1,1);

/*Table structure for table `t_role` */

DROP TABLE IF EXISTS `t_role`;

CREATE TABLE `t_role` (
  `ROLE_ID` int(10) unsigned NOT NULL AUTO_INCREMENT COMMENT '角色ID',
  `ROLE_NAME` varchar(200) NOT NULL COMMENT '角色名',
  `ROLE_NAME_PINYIN` varchar(300) NOT NULL COMMENT '拼音角色名',
  `STATUS` tinyint(1) unsigned NOT NULL DEFAULT '1' COMMENT '可用标志',
  `CREATE_TIME` datetime NOT NULL COMMENT '创建时间',
  `UPDATE_TIME` datetime DEFAULT NULL COMMENT '修改时间',
  `MEMO` varchar(1000) DEFAULT NULL COMMENT '描述',
  PRIMARY KEY (`ROLE_ID`) USING BTREE,
  UNIQUE KEY `uniqueName` (`ROLE_NAME`) USING BTREE
) ENGINE=MyISAM AUTO_INCREMENT=42 DEFAULT CHARSET=utf8mb4 ROW_FORMAT=DYNAMIC COMMENT='角色表';

/*Data for the table `t_role` */

insert  into `t_role`(`ROLE_ID`,`ROLE_NAME`,`ROLE_NAME_PINYIN`,`STATUS`,`CREATE_TIME`,`UPDATE_TIME`,`MEMO`) values (1,'管理员','G0L0Y0Y0L0',1,'2019-01-29 19:44:12',NULL,'管理员描述');

/*Table structure for table `t_sms_msg` */

DROP TABLE IF EXISTS `t_sms_msg`;

CREATE TABLE `t_sms_msg` (
  `ID` int(11) NOT NULL AUTO_INCREMENT COMMENT '短信模板编号',
  `TASK_ID` int(11) DEFAULT NULL COMMENT '订单编号',
  `USER_ID` int(11) NOT NULL COMMENT '用户主键',
  `SEND_TIME` datetime DEFAULT NULL COMMENT '发送时间',
  `STEP` int(11) DEFAULT NULL COMMENT '发送短信间隔时间',
  `CREATE_TIME` datetime DEFAULT CURRENT_TIMESTAMP COMMENT '创建时间',
  `CREATE_BY` int(11) DEFAULT NULL COMMENT '创建人',
  `UPDATE_TIME` datetime DEFAULT CURRENT_TIMESTAMP ON UPDATE CURRENT_TIMESTAMP COMMENT '更新时间',
  `UPDATE_BY` int(11) DEFAULT NULL COMMENT '更新人',
  PRIMARY KEY (`ID`) USING BTREE
) ENGINE=MyISAM AUTO_INCREMENT=1128 DEFAULT CHARSET=utf8mb4 ROW_FORMAT=FIXED COMMENT='短信消息表';

/*Data for the table `t_sms_msg` */

/*Table structure for table `t_sms_msg_log` */

DROP TABLE IF EXISTS `t_sms_msg_log`;

CREATE TABLE `t_sms_msg_log` (
  `ID` int(11) NOT NULL AUTO_INCREMENT COMMENT '短信模板编号',
  `TASK_ID` int(11) NOT NULL COMMENT '订单编号',
  `USER_ID` int(11) NOT NULL COMMENT '用户主键',
  `TYPE` tinyint(4) NOT NULL COMMENT '1客户 2服务人员',
  `PHONE` varchar(11) DEFAULT NULL COMMENT '手机号码',
  `USER_NAME` varchar(16) DEFAULT NULL COMMENT '姓名',
  `SEND_TIME` datetime DEFAULT NULL COMMENT '发送时间',
  `STEP` int(11) DEFAULT NULL COMMENT '发送短信间隔时间',
  `STATUS` tinyint(1) DEFAULT NULL COMMENT '发送状态(0:成功 1:失败)',
  `ERROR` varchar(255) DEFAULT NULL COMMENT '失败原因',
  `CREATE_TIME` datetime DEFAULT CURRENT_TIMESTAMP COMMENT '创建时间',
  `CREATE_BY` int(11) DEFAULT NULL COMMENT '创建人',
  `UPDATE_TIME` datetime DEFAULT CURRENT_TIMESTAMP ON UPDATE CURRENT_TIMESTAMP COMMENT '更新时间',
  `UPDATE_BY` int(11) DEFAULT NULL COMMENT '更新人',
  PRIMARY KEY (`ID`) USING BTREE
) ENGINE=MyISAM DEFAULT CHARSET=utf8mb4 ROW_FORMAT=DYNAMIC COMMENT='短信消息日志表';

/*Data for the table `t_sms_msg_log` */

/*Table structure for table `t_sms_send_rule` */

DROP TABLE IF EXISTS `t_sms_send_rule`;

CREATE TABLE `t_sms_send_rule` (
  `ID` int(11) NOT NULL AUTO_INCREMENT COMMENT '主键',
  `SEND_FLAG` tinyint(1) DEFAULT NULL COMMENT '推送标识(0:都不发、1：客户发 2：服务人员发 3：都发)',
  `MINUTES` int(16) DEFAULT NULL COMMENT '分钟',
  `POSITION_FLAG` tinyint(1) DEFAULT NULL COMMENT '位置区分(0:上、1：下)',
  `CREATE_TIME` datetime DEFAULT CURRENT_TIMESTAMP COMMENT '创建时间',
  `CREATE_BY` int(11) DEFAULT NULL COMMENT '创建人',
  `UPDATE_TIME` datetime DEFAULT CURRENT_TIMESTAMP ON UPDATE CURRENT_TIMESTAMP COMMENT '更新时间',
  `UPDATE_BY` int(11) DEFAULT NULL COMMENT '更新人',
  PRIMARY KEY (`ID`) USING BTREE
) ENGINE=MyISAM AUTO_INCREMENT=267 DEFAULT CHARSET=utf8mb4 ROW_FORMAT=FIXED COMMENT='短信发送规则表';

/*Data for the table `t_sms_send_rule` */

/*Table structure for table `t_task` */

DROP TABLE IF EXISTS `t_task`;

CREATE TABLE `t_task` (
  `ID` int(11) NOT NULL AUTO_INCREMENT COMMENT '主键',
  `ORDER_NO` varchar(64) DEFAULT NULL COMMENT '订单编号、任务编号',
  `CUSTOM_ID` int(11) DEFAULT NULL COMMENT '客户主键',
  `SERVICE_PERSON_ID` int(11) DEFAULT NULL COMMENT '服务人员主键',
  `DICT_TYPE_CODE` varchar(16) DEFAULT NULL COMMENT '字典表中的CODE编码',
  `SERVICE_CATEGORY_CODE` varchar(16) DEFAULT NULL COMMENT '服务类别SERVER_TYPE(关联t_dict表code属性 例如：A B C)',
  `SEX_REQUIRE` tinyint(4) DEFAULT NULL COMMENT '性别要求(0:不限 1:男 2:女)',
  `DISTRICT_ID` int(11) DEFAULT NULL COMMENT '所属区编号',
  `STREET_ID` int(11) DEFAULT NULL COMMENT '街区',
  `ORDER_ADDR` varchar(256) DEFAULT NULL COMMENT '预约地址',
  `ORDER_DATE` date DEFAULT NULL COMMENT '预约日期',
  `ORDER_DURATION` int(4) DEFAULT NULL COMMENT '预约订单时长',
  `ORDER_BEGIN_TIME` time DEFAULT NULL COMMENT '预约开始时间',
  `ORDER_END_TIME` time DEFAULT NULL COMMENT '预约结束时间',
  `CONTENT` text COMMENT '服务内容',
  `REMARK` varchar(1024) DEFAULT NULL COMMENT '预约备注',
  `SERVICE_BEGIN_TIME` time DEFAULT NULL COMMENT '服务开始时间',
  `SERVICE_END_TIME` time DEFAULT NULL COMMENT '服务结束时间',
  `SERVICE_DURATION` int(32) DEFAULT NULL COMMENT '服务时长',
  `SERVICE_DESC` varchar(1024) DEFAULT NULL COMMENT '服务描述',
  `ORDER_STATUS` tinyint(4) DEFAULT NULL COMMENT '订单状态(1：待分配 2:待完成 3.已完成 4.取消 5.未开始)',
  `CANCEL_RESON` varchar(1024) DEFAULT NULL COMMENT '服务取消原因',
  `CREATE_TIME` datetime NOT NULL DEFAULT CURRENT_TIMESTAMP COMMENT '创建时间',
  `CREATE_BY` int(11) NOT NULL COMMENT '创建人',
  `UPDATE_TIME` datetime DEFAULT CURRENT_TIMESTAMP ON UPDATE CURRENT_TIMESTAMP COMMENT '更新时间',
  `UPDATE_BY` int(11) DEFAULT NULL COMMENT '更新人',
  PRIMARY KEY (`ID`) USING BTREE,
  KEY `FK_订单关联客户` (`CUSTOM_ID`) USING BTREE,
  KEY `FK_订单关联服务人员` (`SERVICE_PERSON_ID`) USING BTREE,
  KEY `FK_订单关联服务类别` (`SERVICE_CATEGORY_CODE`) USING BTREE
) ENGINE=MyISAM DEFAULT CHARSET=utf8mb4 ROW_FORMAT=DYNAMIC COMMENT='订单表';

/*Data for the table `t_task` */

/*Table structure for table `t_user` */

DROP TABLE IF EXISTS `t_user`;

CREATE TABLE `t_user` (
  `USER_ID` int(11) NOT NULL AUTO_INCREMENT COMMENT '用户主键',
  `USER_NUMBER` varchar(16) DEFAULT NULL COMMENT '编号(客户编号、服务人员编号、后台用户编号)',
  `PASSWORD` varchar(300) DEFAULT NULL COMMENT '密码',
  `DICT_TYPE_CODE` varchar(16) DEFAULT NULL COMMENT '字典表中的CODE编码',
  `USER_TYPE` tinyint(1) DEFAULT NULL COMMENT '用户类型(1:客户 2:服务人员3:后台用户)',
  `REAL_NAME` varchar(16) DEFAULT NULL COMMENT '名称(客户名称、服务人员名称、后台用户名称)',
  `REAL_NAME_PINYIN` varchar(24) DEFAULT NULL COMMENT '拼音名称(客户名称、服务人员名称、后台用户名称)',
  `IMG` varchar(256) DEFAULT NULL COMMENT '相片地址',
  `WECHAT_NICK_NAME` varchar(32) DEFAULT NULL COMMENT '昵称',
  `OPEN_ID` varchar(32) DEFAULT NULL COMMENT '微信OPEN_ID',
  `UNION_ID` varchar(64) DEFAULT NULL COMMENT 'UNION_ID',
  `MOBILE` varchar(11) DEFAULT NULL COMMENT '手机',
  `EMAIL` varchar(128) DEFAULT NULL COMMENT '邮箱',
  `BIRTHDAY` date DEFAULT NULL COMMENT '生日',
  `PROVINCE_ID` int(11) DEFAULT NULL COMMENT '省编号',
  `CITY_ID` int(11) DEFAULT NULL COMMENT '市编号',
  `DISTRICT_ID` int(11) DEFAULT NULL COMMENT '区编号',
  `STREET_VILLAGE` varchar(64) DEFAULT NULL COMMENT '街道小区',
  `STREET_VILLAGE_PINYIN` varchar(96) DEFAULT NULL COMMENT '拼音街道小区',
  `BUILDING_NO` varchar(64) DEFAULT NULL COMMENT '楼号单元号',
  `SEX` tinyint(4) DEFAULT NULL COMMENT '性别(0:男 1:女)',
  `USER_STATUS` tinyint(4) DEFAULT NULL COMMENT '状态(0:启用 1:停用)',
  `ID_CARD` varchar(18) DEFAULT NULL COMMENT '身份证号码',
  `EMERGENCY_CONTACT_A` varchar(64) DEFAULT NULL COMMENT '紧急联系人A',
  `RELATION_WITH_A` varchar(64) DEFAULT NULL COMMENT '紧急联系人A关系',
  `EMERGENCY_CONTACT_B` varchar(64) DEFAULT NULL COMMENT '紧急联系人B',
  `RELATION_WITH_B` varchar(64) DEFAULT NULL COMMENT '紧急联系人B关系',
  `USER_LEVEL` varchar(16) DEFAULT NULL COMMENT '等级(客户、服务人员都有等级)',
  `BACK_INFO` varchar(2000) DEFAULT NULL COMMENT '背景(针对客户)',
  `REMARKS` varchar(2000) DEFAULT NULL COMMENT '备注',
  `SERVICE_CATEGORY_LEVEL` char(3) DEFAULT NULL COMMENT '服务类别等级\r\n 000:未设定\r\n 001:生活助理\r\n 010:老龄照护\r\n 100:临床护理\r\n 011:生活助理 + 老龄照护\r\n 101:生活助理 + 临床护理\r\n 110:老龄照护 + 临床护理\r\n 111:生活助理 + 老龄照护 + 临床护理',
  `DRAFT_NURSE_PLAN` tinyint(4) DEFAULT NULL COMMENT '制定照护方案(0:不可 1:可)',
  `CREATE_TIME` datetime DEFAULT CURRENT_TIMESTAMP COMMENT '创建时间',
  `CREATE_BY` int(11) DEFAULT NULL COMMENT '创建人',
  `UPDATE_TIME` datetime DEFAULT CURRENT_TIMESTAMP ON UPDATE CURRENT_TIMESTAMP COMMENT '更新时间',
  `UPDATE_BY` int(11) DEFAULT NULL COMMENT '更新人',
  `AGE` int(11) DEFAULT NULL,
  PRIMARY KEY (`USER_ID`) USING BTREE,
  KEY `FK_人员关联区` (`DISTRICT_ID`) USING BTREE,
  KEY `FK_人员关联市` (`CITY_ID`) USING BTREE,
  KEY `FK_用户关联省` (`PROVINCE_ID`) USING BTREE
) ENGINE=MyISAM AUTO_INCREMENT=85 DEFAULT CHARSET=utf8mb4 ROW_FORMAT=DYNAMIC COMMENT='人员管理表（服务人员、客户、后台用户）';

/*Data for the table `t_user` */

insert  into `t_user`(`USER_ID`,`USER_NUMBER`,`PASSWORD`,`DICT_TYPE_CODE`,`USER_TYPE`,`REAL_NAME`,`REAL_NAME_PINYIN`,`IMG`,`WECHAT_NICK_NAME`,`OPEN_ID`,`UNION_ID`,`MOBILE`,`EMAIL`,`BIRTHDAY`,`PROVINCE_ID`,`CITY_ID`,`DISTRICT_ID`,`STREET_VILLAGE`,`STREET_VILLAGE_PINYIN`,`BUILDING_NO`,`SEX`,`USER_STATUS`,`ID_CARD`,`EMERGENCY_CONTACT_A`,`RELATION_WITH_A`,`EMERGENCY_CONTACT_B`,`RELATION_WITH_B`,`USER_LEVEL`,`BACK_INFO`,`REMARKS`,`SERVICE_CATEGORY_LEVEL`,`DRAFT_NURSE_PLAN`,`CREATE_TIME`,`CREATE_BY`,`UPDATE_TIME`,`UPDATE_BY`,`AGE`) values (1,'admin','OUM5Q0UxMUEwMzRGNkI2OTdFNUJFQkZBRDc1MzZFRDQ=','USER_TYPE',3,'管理员','G0L0Y0','15512279046981.jpg','','',NULL,'13555555555','123@qq.com','2019-01-29',23,235,2040,'无名街道','W0M0J0D0','3号楼201',0,0,'210781198501065501','张三13888888888','朋友',NULL,NULL,'5',NULL,NULL,NULL,0,'2019-01-29 19:34:47',NULL,'2019-02-28 08:43:25',20,NULL);

/*Table structure for table `t_user_task_real` */

DROP TABLE IF EXISTS `t_user_task_real`;

CREATE TABLE `t_user_task_real` (
  `ID` int(11) NOT NULL AUTO_INCREMENT COMMENT '主键',
  `USER_ID` int(11) DEFAULT NULL COMMENT '用户编号',
  `TYPE` varchar(8) DEFAULT NULL COMMENT '查看类型(0：任务池 1:我的任务)',
  `TASK_ID` int(11) DEFAULT NULL COMMENT '订单编号',
  `SHOW_TIME` datetime DEFAULT NULL ON UPDATE CURRENT_TIMESTAMP COMMENT '查看时间',
  PRIMARY KEY (`ID`) USING BTREE
) ENGINE=MyISAM AUTO_INCREMENT=7227 DEFAULT CHARSET=utf8mb4 ROW_FORMAT=DYNAMIC COMMENT='用户和任务关联表';

/*Data for the table `t_user_task_real` */

insert  into `t_user_task_real`(`ID`,`USER_ID`,`TYPE`,`TASK_ID`,`SHOW_TIME`) values (2129,41,'0',184,'2019-02-20 14:58:23'),(2130,41,'0',216,'2019-02-20 14:58:29'),(2259,41,'0',187,'2019-02-22 10:04:08'),(2225,41,'0',187,'2019-02-21 15:24:38'),(2133,41,'0',211,'2019-02-20 14:58:29'),(2134,41,'0',171,'2019-02-20 14:58:29'),(2135,41,'0',178,'2019-02-20 14:58:30'),(2136,41,'0',184,'2019-02-20 14:58:30'),(2137,41,'0',216,'2019-02-20 14:58:35'),(2258,41,'0',181,'2019-02-22 10:04:08'),(2224,41,'0',181,'2019-02-21 15:24:38'),(2140,41,'0',211,'2019-02-20 14:58:35'),(2141,41,'0',171,'2019-02-20 14:58:35'),(2142,41,'0',216,'2019-02-20 14:58:39'),(2257,41,'0',188,'2019-02-22 10:04:08'),(2223,41,'0',188,'2019-02-21 15:24:38'),(2145,41,'0',211,'2019-02-20 14:58:39'),(2146,41,'0',171,'2019-02-20 14:58:39'),(2147,41,'0',216,'2019-02-20 14:58:53'),(2256,41,'0',186,'2019-02-22 10:04:08'),(2222,41,'0',186,'2019-02-21 15:24:38'),(2150,41,'0',211,'2019-02-20 14:58:53'),(2151,41,'0',171,'2019-02-20 14:58:53'),(2152,41,'0',216,'2019-02-20 14:58:57'),(2255,41,'1',214,'2019-02-22 10:01:33'),(2221,41,'1',225,'2019-02-21 15:11:17'),(2155,41,'0',211,'2019-02-20 14:58:57'),(2156,41,'0',171,'2019-02-20 14:58:57'),(2157,41,'0',178,'2019-02-20 14:58:58'),(2158,41,'0',184,'2019-02-20 14:58:58'),(2159,41,'0',193,'2019-02-20 14:58:59'),(2160,41,'0',175,'2019-02-20 14:58:59'),(2161,41,'0',192,'2019-02-20 14:58:59'),(2162,41,'0',178,'2019-02-20 15:00:20'),(2163,41,'0',184,'2019-02-20 15:00:20'),(2164,41,'0',216,'2019-02-20 15:00:21'),(2254,41,'0',187,'2019-02-22 10:01:00'),(2220,41,'1',212,'2019-02-21 15:09:53'),(2167,41,'0',211,'2019-02-20 15:00:21'),(2168,41,'0',171,'2019-02-20 15:00:21'),(2169,41,'0',216,'2019-02-20 15:00:26'),(2253,41,'0',181,'2019-02-22 10:01:00'),(2219,38,'1',224,'2019-02-21 12:10:21'),(2172,41,'0',211,'2019-02-20 15:00:26'),(2173,41,'0',171,'2019-02-20 15:00:26'),(2174,41,'0',216,'2019-02-20 15:00:34'),(2252,41,'0',188,'2019-02-22 10:01:00'),(2218,41,'1',223,'2019-02-21 10:31:51'),(2177,41,'0',211,'2019-02-20 15:00:34'),(2178,41,'0',171,'2019-02-20 15:00:34'),(2180,41,'0',216,'2019-02-20 15:00:41'),(2251,41,'0',186,'2019-02-22 10:01:00'),(2217,41,'1',184,'2019-02-21 09:59:26'),(2183,41,'0',211,'2019-02-20 15:00:41'),(2184,41,'0',171,'2019-02-20 15:00:41'),(2185,41,'0',178,'2019-02-20 15:00:45'),(2186,41,'0',184,'2019-02-20 15:00:45'),(2187,41,'0',198,'2019-02-20 15:00:45'),(2188,41,'0',178,'2019-02-20 15:00:50'),(2189,41,'0',184,'2019-02-20 15:00:50'),(2190,41,'0',178,'2019-02-20 15:00:53'),(2191,41,'0',184,'2019-02-20 15:00:53'),(2192,41,'0',178,'2019-02-20 15:00:54'),(2193,41,'0',184,'2019-02-20 15:00:54'),(2194,41,'0',198,'2019-02-20 15:09:47'),(2195,41,'0',216,'2019-02-20 15:09:48'),(2250,41,'1',226,'2019-02-22 09:58:22'),(2216,41,'1',213,'2019-02-20 17:28:02'),(2198,41,'0',211,'2019-02-20 15:09:48'),(2199,41,'0',171,'2019-02-20 15:09:48'),(2200,41,'0',178,'2019-02-20 15:09:49'),(2201,41,'0',184,'2019-02-20 15:09:49'),(2202,41,'0',198,'2019-02-20 15:10:10'),(2203,41,'0',198,'2019-02-20 15:10:21'),(2204,41,'0',198,'2019-02-20 15:10:23'),(2206,41,'0',186,'2019-02-20 17:18:08'),(2207,41,'0',188,'2019-02-20 17:18:08'),(2208,41,'0',187,'2019-02-20 17:18:08'),(2209,41,'0',178,'2019-02-20 17:18:43'),(2210,41,'0',184,'2019-02-20 17:18:43'),(2211,41,'0',198,'2019-02-20 17:18:44'),(2213,41,'0',193,'2019-02-20 17:18:46'),(2214,41,'0',175,'2019-02-20 17:18:46'),(2215,41,'0',192,'2019-02-20 17:18:46'),(3644,41,'0',227,'2019-02-22 16:47:01'),(3643,41,'0',230,'2019-02-22 16:47:01'),(3642,41,'0',229,'2019-02-22 16:47:01'),(3656,41,'0',227,'2019-02-22 16:47:07'),(3655,41,'0',230,'2019-02-22 16:47:07'),(3654,41,'0',229,'2019-02-22 16:47:07'),(3641,41,'0',248,'2019-02-22 16:47:01'),(3653,41,'0',248,'2019-02-22 16:47:07'),(3580,41,'0',227,'2019-02-22 16:20:05'),(3579,41,'0',230,'2019-02-22 16:20:05'),(2741,41,'0',229,'2019-02-22 15:07:15'),(2742,41,'0',230,'2019-02-22 15:07:15'),(2743,41,'0',227,'2019-02-22 15:07:15'),(2744,41,'0',229,'2019-02-22 15:07:17'),(2745,41,'0',230,'2019-02-22 15:07:17'),(2746,41,'0',227,'2019-02-22 15:07:17'),(3578,41,'0',229,'2019-02-22 16:20:05'),(3577,41,'0',235,'2019-02-22 16:20:04'),(3344,41,'0',235,'2019-02-22 15:25:49'),(3576,41,'0',236,'2019-02-22 16:20:04'),(3575,41,'0',187,'2019-02-22 16:20:03'),(3574,41,'0',181,'2019-02-22 16:20:03'),(3339,41,'0',227,'2019-02-22 15:25:48'),(3573,41,'0',188,'2019-02-22 16:20:03'),(3338,41,'0',230,'2019-02-22 15:25:48'),(3572,41,'0',227,'2019-02-22 16:20:02'),(3337,41,'0',229,'2019-02-22 15:25:48'),(3571,41,'0',230,'2019-02-22 16:20:02'),(2834,41,'0',229,'2019-02-22 15:10:01'),(2835,41,'0',230,'2019-02-22 15:10:01'),(2836,41,'0',227,'2019-02-22 15:10:01'),(2843,41,'0',229,'2019-02-22 15:10:13'),(2844,41,'0',230,'2019-02-22 15:10:13'),(2845,41,'0',229,'2019-02-22 15:10:13'),(2846,41,'0',227,'2019-02-22 15:10:13'),(2847,41,'0',230,'2019-02-22 15:10:13'),(2848,41,'0',227,'2019-02-22 15:10:13'),(2852,41,'0',229,'2019-02-22 15:10:15'),(2853,41,'0',230,'2019-02-22 15:10:15'),(2854,41,'0',227,'2019-02-22 15:10:15'),(3336,41,'0',187,'2019-02-22 15:25:47'),(3570,41,'0',229,'2019-02-22 16:20:02'),(2863,41,'0',229,'2019-02-22 15:10:18'),(2864,41,'0',230,'2019-02-22 15:10:18'),(2865,41,'0',227,'2019-02-22 15:10:18'),(2869,41,'0',229,'2019-02-22 15:10:20'),(2870,41,'0',230,'2019-02-22 15:10:20'),(2871,41,'0',227,'2019-02-22 15:10:20'),(3335,41,'0',181,'2019-02-22 15:25:47'),(3569,41,'0',227,'2019-02-22 16:20:02'),(2880,41,'0',229,'2019-02-22 15:10:28'),(2881,41,'0',230,'2019-02-22 15:10:28'),(2882,41,'0',227,'2019-02-22 15:10:28'),(2883,41,'0',229,'2019-02-22 15:10:28'),(2884,41,'0',230,'2019-02-22 15:10:28'),(2885,41,'0',227,'2019-02-22 15:10:28'),(2886,41,'0',229,'2019-02-22 15:10:32'),(2887,41,'0',229,'2019-02-22 15:10:32'),(2888,41,'0',230,'2019-02-22 15:10:32'),(2889,41,'0',230,'2019-02-22 15:10:32'),(2890,41,'0',227,'2019-02-22 15:10:32'),(2891,41,'0',227,'2019-02-22 15:10:32'),(3334,41,'0',188,'2019-02-22 15:25:47'),(3568,41,'0',230,'2019-02-22 16:20:02'),(2900,41,'0',229,'2019-02-22 15:10:34'),(2901,41,'0',230,'2019-02-22 15:10:34'),(2902,41,'0',227,'2019-02-22 15:10:34'),(2906,41,'0',229,'2019-02-22 15:10:37'),(2907,41,'0',230,'2019-02-22 15:10:37'),(2908,41,'0',227,'2019-02-22 15:10:37'),(2909,41,'0',188,'2019-02-22 15:10:38'),(2910,41,'0',181,'2019-02-22 15:10:38'),(2911,41,'0',187,'2019-02-22 15:10:38'),(2915,41,'0',229,'2019-02-22 15:10:40'),(2916,41,'0',230,'2019-02-22 15:10:40'),(2917,41,'0',227,'2019-02-22 15:10:40'),(3333,41,'0',235,'2019-02-22 15:25:46'),(3567,41,'0',229,'2019-02-22 16:20:02'),(2923,41,'0',229,'2019-02-22 15:10:42'),(2924,41,'0',230,'2019-02-22 15:10:42'),(2925,41,'0',227,'2019-02-22 15:10:42'),(2932,41,'0',229,'2019-02-22 15:10:45'),(2933,41,'0',230,'2019-02-22 15:10:45'),(2934,41,'0',227,'2019-02-22 15:10:45'),(2936,41,'0',229,'2019-02-22 15:10:46'),(2937,41,'0',230,'2019-02-22 15:10:46'),(2938,41,'0',227,'2019-02-22 15:10:46'),(2939,41,'0',188,'2019-02-22 15:10:47'),(2940,41,'0',181,'2019-02-22 15:10:47'),(2941,41,'0',187,'2019-02-22 15:10:47'),(2947,41,'0',229,'2019-02-22 15:10:48'),(2948,41,'0',230,'2019-02-22 15:10:48'),(2949,41,'0',227,'2019-02-22 15:10:48'),(2950,41,'0',188,'2019-02-22 15:10:49'),(2951,41,'0',181,'2019-02-22 15:10:49'),(2952,41,'0',187,'2019-02-22 15:10:49'),(2953,41,'0',229,'2019-02-22 15:11:53'),(2954,41,'0',230,'2019-02-22 15:11:53'),(2955,41,'0',227,'2019-02-22 15:11:53'),(2956,41,'0',229,'2019-02-22 15:11:53'),(2957,41,'0',230,'2019-02-22 15:11:53'),(2958,41,'0',227,'2019-02-22 15:11:53'),(2959,41,'0',229,'2019-02-22 15:11:54'),(2960,41,'0',230,'2019-02-22 15:11:54'),(2961,41,'0',227,'2019-02-22 15:11:54'),(2963,41,'0',188,'2019-02-22 15:11:57'),(2964,41,'0',181,'2019-02-22 15:11:57'),(2965,41,'0',187,'2019-02-22 15:11:57'),(2966,41,'0',175,'2019-02-22 15:11:58'),(2967,41,'0',229,'2019-02-22 15:12:03'),(2968,41,'0',230,'2019-02-22 15:12:03'),(2969,41,'0',229,'2019-02-22 15:12:03'),(2970,41,'0',227,'2019-02-22 15:12:03'),(2971,41,'0',230,'2019-02-22 15:12:03'),(2972,41,'0',227,'2019-02-22 15:12:03'),(2973,41,'0',188,'2019-02-22 15:12:05'),(2974,41,'0',181,'2019-02-22 15:12:05'),(2975,41,'0',187,'2019-02-22 15:12:05'),(2982,41,'0',175,'2019-02-22 15:12:08'),(2983,41,'0',175,'2019-02-22 15:12:16'),(2984,41,'0',188,'2019-02-22 15:12:18'),(2985,41,'0',181,'2019-02-22 15:12:18'),(2986,41,'0',187,'2019-02-22 15:12:18'),(2993,41,'0',175,'2019-02-22 15:12:21'),(2994,41,'0',229,'2019-02-22 15:14:59'),(2995,41,'0',230,'2019-02-22 15:14:59'),(2996,41,'0',227,'2019-02-22 15:14:59'),(2997,41,'0',229,'2019-02-22 15:14:59'),(2998,41,'0',230,'2019-02-22 15:14:59'),(2999,41,'0',227,'2019-02-22 15:14:59'),(3001,41,'0',229,'2019-02-22 15:15:05'),(3002,41,'0',230,'2019-02-22 15:15:05'),(3003,41,'0',229,'2019-02-22 15:15:05'),(3004,41,'0',227,'2019-02-22 15:15:05'),(3005,41,'0',230,'2019-02-22 15:15:05'),(3006,41,'0',227,'2019-02-22 15:15:05'),(3008,41,'0',229,'2019-02-22 15:15:09'),(3009,41,'0',230,'2019-02-22 15:15:09'),(3010,41,'0',227,'2019-02-22 15:15:09'),(3011,41,'0',188,'2019-02-22 15:15:10'),(3012,41,'0',181,'2019-02-22 15:15:10'),(3013,41,'0',187,'2019-02-22 15:15:10'),(3014,41,'0',229,'2019-02-22 15:15:12'),(3015,41,'0',230,'2019-02-22 15:15:12'),(3016,41,'0',227,'2019-02-22 15:15:12'),(3018,41,'0',229,'2019-02-22 15:15:16'),(3019,41,'0',230,'2019-02-22 15:15:16'),(3020,41,'0',227,'2019-02-22 15:15:16'),(3021,41,'0',229,'2019-02-22 15:15:16'),(3022,41,'0',230,'2019-02-22 15:15:16'),(3023,41,'0',227,'2019-02-22 15:15:16'),(3025,41,'0',229,'2019-02-22 15:15:18'),(3026,41,'0',230,'2019-02-22 15:15:18'),(3027,41,'0',227,'2019-02-22 15:15:18'),(3028,41,'0',188,'2019-02-22 15:15:19'),(3029,41,'0',181,'2019-02-22 15:15:19'),(3030,41,'0',187,'2019-02-22 15:15:19'),(3619,41,'0',227,'2019-02-22 16:33:46'),(3036,41,'0',229,'2019-02-22 15:15:34'),(3037,41,'0',229,'2019-02-22 15:15:34'),(3038,41,'0',230,'2019-02-22 15:15:34'),(3039,41,'0',230,'2019-02-22 15:15:34'),(3040,41,'0',227,'2019-02-22 15:15:34'),(3041,41,'0',227,'2019-02-22 15:15:34'),(3043,41,'0',229,'2019-02-22 15:15:36'),(3044,41,'0',230,'2019-02-22 15:15:36'),(3045,41,'0',227,'2019-02-22 15:15:36'),(3046,41,'0',188,'2019-02-22 15:15:37'),(3047,41,'0',181,'2019-02-22 15:15:37'),(3048,41,'0',187,'2019-02-22 15:15:37'),(3049,41,'0',175,'2019-02-22 15:15:38'),(3050,41,'0',172,'2019-02-22 15:15:39'),(3051,41,'0',229,'2019-02-22 15:15:40'),(3052,41,'0',230,'2019-02-22 15:15:40'),(3053,41,'0',227,'2019-02-22 15:15:40'),(3618,41,'0',227,'2019-02-22 16:33:46'),(3327,41,'0',175,'2019-02-22 15:25:43'),(3059,41,'0',229,'2019-02-22 15:15:42'),(3060,41,'0',230,'2019-02-22 15:15:42'),(3061,41,'0',227,'2019-02-22 15:15:42'),(3617,41,'0',230,'2019-02-22 16:33:46'),(3326,41,'0',175,'2019-02-22 15:25:42'),(3072,41,'0',235,'2019-02-22 15:15:45'),(3074,41,'0',236,'2019-02-22 15:15:45'),(3075,41,'0',229,'2019-02-22 15:15:46'),(3076,41,'0',230,'2019-02-22 15:15:46'),(3077,41,'0',227,'2019-02-22 15:15:46'),(3078,41,'0',229,'2019-02-22 15:15:46'),(3079,41,'0',230,'2019-02-22 15:15:46'),(3080,41,'0',227,'2019-02-22 15:15:46'),(3083,41,'0',229,'2019-02-22 15:15:59'),(3084,41,'0',230,'2019-02-22 15:15:59'),(3085,41,'0',229,'2019-02-22 15:15:59'),(3086,41,'0',227,'2019-02-22 15:15:59'),(3087,41,'0',230,'2019-02-22 15:15:59'),(3088,41,'0',227,'2019-02-22 15:15:59'),(3090,41,'0',188,'2019-02-22 15:16:01'),(3091,41,'0',181,'2019-02-22 15:16:01'),(3092,41,'0',187,'2019-02-22 15:16:01'),(3616,41,'0',230,'2019-02-22 16:33:46'),(3324,41,'0',187,'2019-02-22 15:24:02'),(3098,41,'0',229,'2019-02-22 15:16:03'),(3099,41,'0',230,'2019-02-22 15:16:03'),(3100,41,'0',227,'2019-02-22 15:16:03'),(3101,41,'0',175,'2019-02-22 15:16:04'),(3102,41,'0',229,'2019-02-22 15:16:17'),(3103,41,'0',229,'2019-02-22 15:16:17'),(3104,41,'0',230,'2019-02-22 15:16:17'),(3105,41,'0',230,'2019-02-22 15:16:17'),(3106,41,'0',227,'2019-02-22 15:16:17'),(3107,41,'0',227,'2019-02-22 15:16:17'),(3109,41,'0',188,'2019-02-22 15:16:20'),(3110,41,'0',181,'2019-02-22 15:16:20'),(3111,41,'0',187,'2019-02-22 15:16:20'),(3615,41,'0',229,'2019-02-22 16:33:46'),(3323,41,'0',181,'2019-02-22 15:24:02'),(3560,13,'1',178,'2019-02-22 16:15:56'),(3117,41,'0',229,'2019-02-22 15:16:22'),(3118,41,'0',230,'2019-02-22 15:16:22'),(3119,41,'0',227,'2019-02-22 15:16:22'),(3120,41,'0',229,'2019-02-22 15:16:30'),(3121,41,'0',230,'2019-02-22 15:16:30'),(3122,41,'0',227,'2019-02-22 15:16:30'),(3123,41,'0',229,'2019-02-22 15:16:30'),(3124,41,'0',230,'2019-02-22 15:16:30'),(3125,41,'0',227,'2019-02-22 15:16:30'),(3322,41,'0',188,'2019-02-22 15:24:02'),(3132,41,'0',188,'2019-02-22 15:16:33'),(3133,41,'0',181,'2019-02-22 15:16:33'),(3134,41,'0',187,'2019-02-22 15:16:33'),(3135,41,'0',175,'2019-02-22 15:16:34'),(3136,41,'0',229,'2019-02-22 15:16:35'),(3137,41,'0',230,'2019-02-22 15:16:35'),(3138,41,'0',227,'2019-02-22 15:16:35'),(3614,41,'0',229,'2019-02-22 16:33:46'),(3321,41,'0',235,'2019-02-22 15:24:01'),(3145,41,'0',229,'2019-02-22 15:16:38'),(3146,41,'0',230,'2019-02-22 15:16:38'),(3147,41,'0',227,'2019-02-22 15:16:38'),(3153,41,'0',188,'2019-02-22 15:16:39'),(3154,41,'0',181,'2019-02-22 15:16:39'),(3155,41,'0',187,'2019-02-22 15:16:39'),(3156,41,'0',175,'2019-02-22 15:16:40'),(3157,41,'0',172,'2019-02-22 15:16:41'),(3159,41,'0',229,'2019-02-22 15:16:43'),(3160,41,'0',230,'2019-02-22 15:16:43'),(3161,41,'0',227,'2019-02-22 15:16:43'),(3167,41,'0',229,'2019-02-22 15:16:47'),(3168,41,'0',230,'2019-02-22 15:16:47'),(3169,41,'0',227,'2019-02-22 15:16:47'),(3171,41,'0',229,'2019-02-22 15:16:59'),(3172,41,'0',230,'2019-02-22 15:16:59'),(3173,41,'0',227,'2019-02-22 15:16:59'),(3174,41,'0',229,'2019-02-22 15:16:59'),(3175,41,'0',230,'2019-02-22 15:16:59'),(3176,41,'0',227,'2019-02-22 15:16:59'),(3178,41,'0',229,'2019-02-22 15:17:01'),(3179,41,'0',230,'2019-02-22 15:17:01'),(3180,41,'0',227,'2019-02-22 15:17:01'),(3186,41,'0',188,'2019-02-22 15:17:04'),(3187,41,'0',181,'2019-02-22 15:17:04'),(3188,41,'0',187,'2019-02-22 15:17:04'),(3189,41,'0',229,'2019-02-22 15:18:05'),(3190,41,'0',230,'2019-02-22 15:18:05'),(3191,41,'0',227,'2019-02-22 15:18:05'),(3192,41,'0',229,'2019-02-22 15:18:05'),(3193,41,'0',230,'2019-02-22 15:18:05'),(3194,41,'0',227,'2019-02-22 15:18:05'),(3196,41,'0',175,'2019-02-22 15:18:08'),(3197,41,'0',229,'2019-02-22 15:18:12'),(3198,41,'0',230,'2019-02-22 15:18:12'),(3199,41,'0',227,'2019-02-22 15:18:12'),(3200,41,'0',229,'2019-02-22 15:18:12'),(3201,41,'0',230,'2019-02-22 15:18:12'),(3202,41,'0',227,'2019-02-22 15:18:12'),(3209,41,'0',188,'2019-02-22 15:18:15'),(3210,41,'0',181,'2019-02-22 15:18:15'),(3211,41,'0',187,'2019-02-22 15:18:15'),(3212,41,'0',229,'2019-02-22 15:18:15'),(3213,41,'0',230,'2019-02-22 15:18:15'),(3214,41,'0',227,'2019-02-22 15:18:15'),(3221,41,'0',229,'2019-02-22 15:18:25'),(3222,41,'0',230,'2019-02-22 15:18:25'),(3223,41,'0',227,'2019-02-22 15:18:25'),(3224,41,'0',229,'2019-02-22 15:18:25'),(3225,41,'0',230,'2019-02-22 15:18:25'),(3226,41,'0',227,'2019-02-22 15:18:25'),(3229,41,'0',229,'2019-02-22 15:18:29'),(3230,41,'0',230,'2019-02-22 15:18:30'),(3231,41,'0',229,'2019-02-22 15:18:30'),(3232,41,'0',227,'2019-02-22 15:18:30'),(3233,41,'0',230,'2019-02-22 15:18:30'),(3234,41,'0',227,'2019-02-22 15:18:30'),(3316,41,'0',227,'2019-02-22 15:24:00'),(3241,41,'0',229,'2019-02-22 15:18:34'),(3242,41,'0',230,'2019-02-22 15:18:34'),(3243,41,'0',227,'2019-02-22 15:18:34'),(3244,41,'0',175,'2019-02-22 15:18:36'),(3245,41,'0',229,'2019-02-22 15:18:39'),(3246,41,'0',229,'2019-02-22 15:18:39'),(3247,41,'0',230,'2019-02-22 15:18:39'),(3248,41,'0',230,'2019-02-22 15:18:39'),(3249,41,'0',227,'2019-02-22 15:18:39'),(3250,41,'0',227,'2019-02-22 15:18:39'),(3315,41,'0',230,'2019-02-22 15:24:00'),(3256,41,'0',229,'2019-02-22 15:18:45'),(3257,41,'0',230,'2019-02-22 15:18:45'),(3258,41,'0',227,'2019-02-22 15:18:45'),(3260,41,'0',229,'2019-02-22 15:18:51'),(3261,41,'0',230,'2019-02-22 15:18:51'),(3262,41,'0',229,'2019-02-22 15:18:51'),(3263,41,'0',227,'2019-02-22 15:18:51'),(3264,41,'0',230,'2019-02-22 15:18:51'),(3265,41,'0',227,'2019-02-22 15:18:51'),(3314,41,'0',229,'2019-02-22 15:24:00'),(3313,41,'0',227,'2019-02-22 15:24:00'),(3277,41,'0',188,'2019-02-22 15:19:02'),(3278,41,'0',181,'2019-02-22 15:19:02'),(3279,41,'0',187,'2019-02-22 15:19:02'),(3281,41,'0',229,'2019-02-22 15:19:07'),(3282,41,'0',230,'2019-02-22 15:19:07'),(3283,41,'0',229,'2019-02-22 15:19:07'),(3284,41,'0',227,'2019-02-22 15:19:07'),(3285,41,'0',230,'2019-02-22 15:19:07'),(3286,41,'0',227,'2019-02-22 15:19:07'),(3312,41,'0',230,'2019-02-22 15:23:59'),(3293,41,'0',229,'2019-02-22 15:19:16'),(3294,41,'0',230,'2019-02-22 15:19:16'),(3295,41,'0',227,'2019-02-22 15:19:16'),(3296,41,'0',229,'2019-02-22 15:19:16'),(3297,41,'0',230,'2019-02-22 15:19:16'),(3298,41,'0',227,'2019-02-22 15:19:16'),(3311,41,'0',229,'2019-02-22 15:23:59'),(3304,41,'0',188,'2019-02-22 15:19:22'),(3305,41,'0',181,'2019-02-22 15:19:22'),(3306,41,'0',187,'2019-02-22 15:19:22'),(3307,41,'0',229,'2019-02-22 15:19:24'),(3308,41,'0',230,'2019-02-22 15:19:24'),(3309,41,'0',227,'2019-02-22 15:19:24'),(3693,41,'0',248,'2019-02-22 16:58:40'),(3694,41,'0',229,'2019-02-22 16:58:40'),(3695,41,'0',230,'2019-02-22 16:58:40'),(3696,41,'0',227,'2019-02-22 16:58:40'),(3697,41,'0',248,'2019-02-22 17:00:58'),(3698,41,'0',229,'2019-02-22 17:00:58'),(3699,41,'0',230,'2019-02-22 17:00:58'),(3700,41,'0',227,'2019-02-22 17:00:58'),(3701,41,'0',188,'2019-02-22 17:01:00'),(3702,41,'0',181,'2019-02-22 17:01:00'),(3703,41,'0',187,'2019-02-22 17:01:00'),(3704,41,'0',236,'2019-02-22 17:01:01'),(3705,41,'0',235,'2019-02-22 17:01:01'),(3706,41,'0',248,'2019-02-22 17:01:04'),(3707,41,'0',229,'2019-02-22 17:01:04'),(3708,41,'0',230,'2019-02-22 17:01:04'),(3709,41,'0',227,'2019-02-22 17:01:04'),(3710,41,'0',175,'2019-02-22 17:01:05'),(3711,41,'0',248,'2019-02-22 17:01:07'),(3712,41,'0',229,'2019-02-22 17:01:07'),(3713,41,'0',230,'2019-02-22 17:01:07'),(3714,41,'0',227,'2019-02-22 17:01:07'),(3715,41,'0',188,'2019-02-22 17:01:08'),(3716,41,'0',181,'2019-02-22 17:01:08'),(3717,41,'0',187,'2019-02-22 17:01:08'),(3718,41,'0',236,'2019-02-22 17:01:09'),(3719,41,'0',235,'2019-02-22 17:01:09'),(3720,41,'0',248,'2019-02-22 17:01:09'),(3721,41,'0',229,'2019-02-22 17:01:09'),(3722,41,'0',230,'2019-02-22 17:01:09'),(3723,41,'0',227,'2019-02-22 17:01:09'),(3724,41,'0',172,'2019-02-22 17:01:10'),(3725,41,'0',175,'2019-02-22 17:01:11'),(3726,41,'0',188,'2019-02-22 17:01:12'),(3727,41,'0',181,'2019-02-22 17:01:12'),(3728,41,'0',187,'2019-02-22 17:01:12'),(3729,41,'0',236,'2019-02-22 17:01:13'),(3730,41,'0',235,'2019-02-22 17:01:13'),(3731,41,'0',248,'2019-02-22 17:01:14'),(3732,41,'0',229,'2019-02-22 17:01:14'),(3733,41,'0',230,'2019-02-22 17:01:14'),(3734,41,'0',227,'2019-02-22 17:01:14'),(3735,41,'0',248,'2019-02-22 17:01:17'),(3736,41,'0',229,'2019-02-22 17:01:17'),(3737,41,'0',230,'2019-02-22 17:01:18'),(3738,41,'0',227,'2019-02-22 17:01:18'),(3739,41,'0',236,'2019-02-22 17:01:19'),(3740,41,'0',235,'2019-02-22 17:01:19'),(3741,41,'0',188,'2019-02-22 17:01:20'),(3742,41,'0',181,'2019-02-22 17:01:20'),(3743,41,'0',187,'2019-02-22 17:01:20'),(3744,41,'0',248,'2019-02-22 17:01:21'),(3745,41,'0',229,'2019-02-22 17:01:21'),(3746,41,'0',230,'2019-02-22 17:01:21'),(3747,41,'0',227,'2019-02-22 17:01:21'),(3748,41,'0',248,'2019-02-22 17:01:31'),(3749,41,'0',229,'2019-02-22 17:01:31'),(3750,41,'0',230,'2019-02-22 17:01:31'),(3751,41,'0',227,'2019-02-22 17:01:31'),(3752,41,'0',248,'2019-02-22 17:01:32'),(3753,41,'0',229,'2019-02-22 17:01:32'),(3754,41,'0',230,'2019-02-22 17:01:32'),(3755,41,'0',227,'2019-02-22 17:01:32'),(3784,41,'0',235,'2019-02-22 17:05:57'),(3757,41,'0',248,'2019-02-22 17:01:42'),(3758,41,'0',229,'2019-02-22 17:01:42'),(3759,41,'0',230,'2019-02-22 17:01:42'),(3760,41,'0',227,'2019-02-22 17:01:42'),(3783,41,'0',236,'2019-02-22 17:05:57'),(3762,41,'0',248,'2019-02-22 17:01:43'),(3763,41,'0',229,'2019-02-22 17:01:43'),(3764,41,'0',230,'2019-02-22 17:01:43'),(3765,41,'0',227,'2019-02-22 17:01:43'),(3766,41,'0',236,'2019-02-22 17:01:44'),(3767,41,'0',235,'2019-02-22 17:01:44'),(3782,41,'0',235,'2019-02-22 17:05:53'),(3769,41,'0',248,'2019-02-22 17:01:48'),(3770,41,'0',229,'2019-02-22 17:01:48'),(3771,41,'0',230,'2019-02-22 17:01:48'),(3772,41,'0',227,'2019-02-22 17:01:48'),(3773,41,'0',188,'2019-02-22 17:01:49'),(3774,41,'0',181,'2019-02-22 17:01:49'),(3775,41,'0',187,'2019-02-22 17:01:49'),(3776,41,'0',175,'2019-02-22 17:02:07'),(3781,41,'0',236,'2019-02-22 17:05:53'),(3778,41,'0',229,'2019-02-22 17:05:52'),(3779,41,'0',230,'2019-02-22 17:05:52'),(3780,41,'0',227,'2019-02-22 17:05:52'),(3785,41,'0',236,'2019-02-22 17:06:03'),(3786,41,'0',235,'2019-02-22 17:06:03'),(3787,41,'0',236,'2019-02-22 17:06:03'),(3788,41,'0',235,'2019-02-22 17:06:03'),(3789,41,'0',229,'2019-02-22 17:06:35'),(3790,41,'0',230,'2019-02-22 17:06:35'),(3791,41,'0',227,'2019-02-22 17:06:35'),(3792,41,'0',188,'2019-02-22 17:06:36'),(3793,41,'0',181,'2019-02-22 17:06:36'),(3794,41,'0',187,'2019-02-22 17:06:36'),(3795,41,'0',236,'2019-02-22 17:06:37'),(3796,41,'0',235,'2019-02-22 17:06:37'),(3806,41,'0',229,'2019-02-22 17:11:30'),(3807,41,'0',230,'2019-02-22 17:11:30'),(3808,41,'0',227,'2019-02-22 17:11:30'),(3809,41,'0',229,'2019-02-22 17:11:30'),(3810,41,'0',230,'2019-02-22 17:11:30'),(3811,41,'0',227,'2019-02-22 17:11:30'),(3812,41,'0',229,'2019-02-22 17:11:37'),(3813,41,'0',230,'2019-02-22 17:11:37'),(3814,41,'0',227,'2019-02-22 17:11:37'),(3815,41,'0',236,'2019-02-22 17:11:38'),(3816,41,'0',235,'2019-02-22 17:11:38'),(3817,41,'0',188,'2019-02-22 17:11:38'),(3818,41,'0',181,'2019-02-22 17:11:38'),(3819,41,'0',187,'2019-02-22 17:11:38'),(3820,41,'0',229,'2019-02-22 17:11:39'),(3821,41,'0',230,'2019-02-22 17:11:39'),(3822,41,'0',227,'2019-02-22 17:11:39'),(3823,41,'0',175,'2019-02-22 17:11:40'),(3824,41,'0',229,'2019-02-22 17:11:55'),(3825,41,'0',230,'2019-02-22 17:11:55'),(3826,41,'0',227,'2019-02-22 17:11:55'),(3827,41,'0',236,'2019-02-22 17:11:56'),(3828,41,'0',235,'2019-02-22 17:11:56'),(3829,41,'0',236,'2019-02-22 17:11:59'),(3830,41,'0',235,'2019-02-22 17:11:59'),(3831,41,'0',229,'2019-02-22 17:12:03'),(3832,41,'0',230,'2019-02-22 17:12:03'),(3833,41,'0',227,'2019-02-22 17:12:03'),(3834,41,'0',236,'2019-02-22 17:12:04'),(3835,41,'0',235,'2019-02-22 17:12:04'),(3836,41,'0',229,'2019-02-22 17:12:07'),(3837,41,'0',230,'2019-02-22 17:12:07'),(3838,41,'0',227,'2019-02-22 17:12:07'),(3839,41,'0',229,'2019-02-22 17:12:07'),(3840,41,'0',230,'2019-02-22 17:12:07'),(3841,41,'0',227,'2019-02-22 17:12:07'),(3842,41,'0',236,'2019-02-22 17:12:08'),(3843,41,'0',235,'2019-02-22 17:12:08'),(3844,41,'0',236,'2019-02-22 17:13:06'),(3845,41,'0',236,'2019-02-22 17:13:06'),(3846,41,'0',235,'2019-02-22 17:13:06'),(3847,41,'0',235,'2019-02-22 17:13:06'),(3848,41,'0',229,'2019-02-22 17:13:07'),(3849,41,'0',230,'2019-02-22 17:13:07'),(3850,41,'0',227,'2019-02-22 17:13:07'),(3851,41,'0',229,'2019-02-22 17:13:10'),(3852,41,'0',230,'2019-02-22 17:13:10'),(3853,41,'0',227,'2019-02-22 17:13:10'),(3854,41,'0',229,'2019-02-22 17:13:16'),(3855,41,'0',230,'2019-02-22 17:13:16'),(3856,41,'0',227,'2019-02-22 17:13:16'),(3857,41,'0',229,'2019-02-22 17:13:16'),(3858,41,'0',230,'2019-02-22 17:13:16'),(3859,41,'0',227,'2019-02-22 17:13:16'),(3860,41,'0',188,'2019-02-22 17:13:18'),(3861,41,'0',181,'2019-02-22 17:13:18'),(3862,41,'0',187,'2019-02-22 17:13:18'),(3863,41,'0',236,'2019-02-22 17:13:19'),(3864,41,'0',235,'2019-02-22 17:13:19'),(3865,41,'0',236,'2019-02-22 17:13:20'),(3866,41,'0',235,'2019-02-22 17:13:20'),(3867,41,'0',188,'2019-02-22 17:13:21'),(3868,41,'0',181,'2019-02-22 17:13:21'),(3869,41,'0',187,'2019-02-22 17:13:21'),(3870,41,'0',175,'2019-02-22 17:14:40'),(3871,41,'0',175,'2019-02-22 17:14:40'),(3872,41,'0',172,'2019-02-22 17:14:41'),(3873,41,'0',175,'2019-02-22 17:15:07'),(3874,41,'0',172,'2019-02-22 17:15:11'),(3875,41,'0',172,'2019-02-22 17:15:11'),(3876,41,'0',229,'2019-02-22 17:15:12'),(3877,41,'0',230,'2019-02-22 17:15:12'),(3878,41,'0',227,'2019-02-22 17:15:12'),(3879,41,'0',172,'2019-02-22 17:15:29'),(3880,41,'0',172,'2019-02-22 17:15:29'),(3881,41,'0',175,'2019-02-22 17:15:45'),(3882,41,'0',229,'2019-02-22 17:17:11'),(3883,41,'0',230,'2019-02-22 17:17:11'),(3884,41,'0',227,'2019-02-22 17:17:11'),(3885,41,'0',229,'2019-02-22 17:17:11'),(3886,41,'0',230,'2019-02-22 17:17:11'),(3887,41,'0',227,'2019-02-22 17:17:11'),(3888,41,'0',236,'2019-02-22 17:17:13'),(3889,41,'0',235,'2019-02-22 17:17:13'),(3890,41,'0',188,'2019-02-22 17:17:15'),(3891,41,'0',181,'2019-02-22 17:17:15'),(3892,41,'0',187,'2019-02-22 17:17:15'),(3893,41,'0',236,'2019-02-22 17:17:16'),(3894,41,'0',235,'2019-02-22 17:17:16'),(3895,41,'0',188,'2019-02-22 17:17:17'),(3896,41,'0',181,'2019-02-22 17:17:17'),(3897,41,'0',187,'2019-02-22 17:17:17'),(3898,41,'0',229,'2019-02-22 17:18:50'),(3899,41,'0',230,'2019-02-22 17:18:50'),(3900,41,'0',227,'2019-02-22 17:18:50'),(3901,41,'0',229,'2019-02-22 17:18:50'),(3902,41,'0',230,'2019-02-22 17:18:50'),(3903,41,'0',227,'2019-02-22 17:18:50'),(3904,41,'0',236,'2019-02-22 17:18:52'),(3905,41,'0',235,'2019-02-22 17:18:52'),(3906,41,'0',229,'2019-02-22 17:22:07'),(3907,41,'0',230,'2019-02-22 17:22:07'),(3908,41,'0',229,'2019-02-22 17:22:07'),(3909,41,'0',227,'2019-02-22 17:22:07'),(3910,41,'0',230,'2019-02-22 17:22:07'),(3911,41,'0',227,'2019-02-22 17:22:07'),(3912,41,'0',236,'2019-02-22 17:22:08'),(3913,41,'0',235,'2019-02-22 17:22:08'),(3914,41,'0',188,'2019-02-22 17:22:10'),(3915,41,'0',181,'2019-02-22 17:22:10'),(3916,41,'0',187,'2019-02-22 17:22:10'),(3917,41,'0',236,'2019-02-22 17:22:11'),(3918,41,'0',235,'2019-02-22 17:22:11'),(3919,41,'0',175,'2019-02-22 17:22:12'),(3920,41,'0',236,'2019-02-22 17:22:13'),(3921,41,'0',235,'2019-02-22 17:22:13'),(3922,41,'0',229,'2019-02-22 17:22:14'),(3923,41,'0',230,'2019-02-22 17:22:14'),(3924,41,'0',227,'2019-02-22 17:22:14'),(3925,41,'0',188,'2019-02-22 17:22:15'),(3926,41,'0',181,'2019-02-22 17:22:15'),(3927,41,'0',187,'2019-02-22 17:22:15'),(3928,41,'0',229,'2019-02-22 17:24:22'),(3929,41,'0',230,'2019-02-22 17:24:22'),(3930,41,'0',229,'2019-02-22 17:24:22'),(3931,41,'0',227,'2019-02-22 17:24:22'),(3932,41,'0',230,'2019-02-22 17:24:22'),(3933,41,'0',227,'2019-02-22 17:24:22'),(3934,41,'0',236,'2019-02-22 17:24:23'),(3935,41,'0',235,'2019-02-22 17:24:23'),(3936,41,'0',229,'2019-02-22 17:25:55'),(3937,41,'0',230,'2019-02-22 17:25:55'),(3938,41,'0',227,'2019-02-22 17:25:55'),(3939,41,'0',229,'2019-02-22 17:25:55'),(3940,41,'0',230,'2019-02-22 17:25:55'),(3941,41,'0',227,'2019-02-22 17:25:55'),(3942,41,'0',236,'2019-02-22 17:25:56'),(3943,41,'0',235,'2019-02-22 17:25:56'),(3944,41,'0',229,'2019-02-22 17:29:22'),(3945,41,'0',230,'2019-02-22 17:29:22'),(3946,41,'0',227,'2019-02-22 17:29:22'),(3947,41,'0',229,'2019-02-22 17:29:22'),(3948,41,'0',230,'2019-02-22 17:29:22'),(3949,41,'0',227,'2019-02-22 17:29:22'),(3950,41,'0',236,'2019-02-22 17:29:25'),(3951,41,'0',235,'2019-02-22 17:29:25'),(3952,41,'0',175,'2019-02-22 17:29:29'),(3953,41,'0',229,'2019-02-22 17:29:36'),(3954,41,'0',230,'2019-02-22 17:29:36'),(3955,41,'0',227,'2019-02-22 17:29:36'),(3956,41,'0',229,'2019-02-22 17:30:17'),(3957,41,'0',230,'2019-02-22 17:30:17'),(3958,41,'0',227,'2019-02-22 17:30:17'),(3959,41,'0',229,'2019-02-22 17:30:17'),(3960,41,'0',230,'2019-02-22 17:30:17'),(3961,41,'0',227,'2019-02-22 17:30:17'),(3962,41,'0',229,'2019-02-22 17:30:19'),(3963,41,'0',230,'2019-02-22 17:30:19'),(3964,41,'0',227,'2019-02-22 17:30:19'),(3965,41,'0',236,'2019-02-22 17:30:20'),(3966,41,'0',235,'2019-02-22 17:30:20'),(3967,41,'0',229,'2019-02-22 17:30:54'),(3968,41,'0',230,'2019-02-22 17:30:54'),(3969,41,'0',229,'2019-02-22 17:30:54'),(3970,41,'0',227,'2019-02-22 17:30:54'),(3971,41,'0',230,'2019-02-22 17:30:54'),(3972,41,'0',227,'2019-02-22 17:30:54'),(3973,41,'0',236,'2019-02-22 17:30:55'),(3974,41,'0',235,'2019-02-22 17:30:55'),(3975,41,'0',188,'2019-02-22 17:30:56'),(3976,41,'0',181,'2019-02-22 17:30:56'),(3977,41,'0',187,'2019-02-22 17:30:56'),(3978,41,'0',229,'2019-02-22 17:30:57'),(3979,41,'0',230,'2019-02-22 17:30:57'),(3980,41,'0',227,'2019-02-22 17:30:57'),(3981,41,'0',236,'2019-02-22 17:30:57'),(3982,41,'0',235,'2019-02-22 17:30:57'),(3983,41,'0',188,'2019-02-22 17:30:59'),(3984,41,'0',181,'2019-02-22 17:30:59'),(3985,41,'0',187,'2019-02-22 17:30:59'),(3986,41,'0',236,'2019-02-22 17:31:09'),(3987,41,'0',235,'2019-02-22 17:31:09'),(3988,41,'0',188,'2019-02-22 17:31:10'),(3989,41,'0',181,'2019-02-22 17:31:10'),(3990,41,'0',187,'2019-02-22 17:31:10'),(3991,41,'0',236,'2019-02-22 17:31:20'),(3992,41,'0',235,'2019-02-22 17:31:20'),(3993,41,'0',188,'2019-02-22 17:31:21'),(3994,41,'0',181,'2019-02-22 17:31:21'),(3995,41,'0',187,'2019-02-22 17:31:21'),(3999,41,'0',229,'2019-02-22 18:02:16'),(4000,41,'0',230,'2019-02-22 18:02:16'),(4001,41,'0',227,'2019-02-22 18:02:16'),(4002,20,'0',227,'2019-02-25 09:32:35'),(4003,20,'1',217,'2019-02-25 09:32:58'),(4004,20,'0',227,'2019-02-25 09:34:43'),(4005,20,'0',227,'2019-02-25 09:34:45'),(4006,20,'0',227,'2019-02-25 09:34:48'),(4007,20,'0',227,'2019-02-25 09:34:52'),(4008,20,'0',188,'2019-02-25 09:34:53'),(4009,20,'0',187,'2019-02-25 09:34:53'),(4010,20,'0',175,'2019-02-25 09:34:56'),(4011,20,'0',227,'2019-02-25 09:35:01'),(4012,20,'0',227,'2019-02-25 09:36:02'),(4013,41,'0',229,'2019-02-25 09:52:39'),(4014,41,'0',230,'2019-02-25 09:52:39'),(4015,41,'0',227,'2019-02-25 09:52:39'),(4016,41,'0',229,'2019-02-25 09:52:39'),(4017,41,'0',230,'2019-02-25 09:52:39'),(4018,41,'0',227,'2019-02-25 09:52:39'),(4019,41,'0',188,'2019-02-25 09:52:41'),(4020,41,'0',181,'2019-02-25 09:52:41'),(4021,41,'0',187,'2019-02-25 09:52:41'),(4022,41,'0',188,'2019-02-25 09:57:58'),(4023,41,'0',181,'2019-02-25 09:57:58'),(4024,41,'0',187,'2019-02-25 09:57:58'),(4025,41,'0',188,'2019-02-25 09:58:00'),(4026,41,'0',181,'2019-02-25 09:58:00'),(4027,41,'0',187,'2019-02-25 09:58:00'),(4028,41,'0',188,'2019-02-25 09:58:47'),(4029,41,'0',181,'2019-02-25 09:58:47'),(4030,41,'0',187,'2019-02-25 09:58:47'),(4031,41,'0',188,'2019-02-25 09:58:49'),(4032,41,'0',181,'2019-02-25 09:58:49'),(4033,41,'0',187,'2019-02-25 09:58:49'),(4035,41,'0',255,'2019-02-25 09:59:34'),(4037,41,'0',255,'2019-02-25 09:59:34'),(4038,41,'0',188,'2019-02-25 09:59:45'),(4039,41,'0',181,'2019-02-25 09:59:45'),(4040,41,'0',187,'2019-02-25 09:59:45'),(4041,41,'0',229,'2019-02-25 09:59:46'),(4042,41,'0',230,'2019-02-25 09:59:46'),(4043,41,'0',227,'2019-02-25 09:59:46'),(4044,41,'0',229,'2019-02-25 09:59:47'),(4045,41,'0',230,'2019-02-25 09:59:47'),(4046,41,'0',227,'2019-02-25 09:59:47'),(4048,41,'0',255,'2019-02-25 10:00:14'),(4050,41,'0',255,'2019-02-25 10:00:14'),(4051,41,'0',188,'2019-02-25 10:01:49'),(4052,41,'0',181,'2019-02-25 10:01:49'),(4053,41,'0',187,'2019-02-25 10:01:49'),(4054,41,'0',229,'2019-02-25 10:01:49'),(4055,41,'0',230,'2019-02-25 10:01:49'),(4056,41,'0',227,'2019-02-25 10:01:49'),(4057,41,'0',236,'2019-02-25 10:01:50'),(4058,41,'0',235,'2019-02-25 10:01:50'),(4059,41,'0',188,'2019-02-25 10:01:51'),(4060,41,'0',181,'2019-02-25 10:01:51'),(4061,41,'0',187,'2019-02-25 10:01:51'),(4062,41,'0',188,'2019-02-25 10:01:52'),(4063,41,'0',181,'2019-02-25 10:01:52'),(4064,41,'0',187,'2019-02-25 10:01:52'),(4065,41,'0',229,'2019-02-25 10:01:52'),(4066,41,'0',230,'2019-02-25 10:01:52'),(4067,41,'0',227,'2019-02-25 10:01:52'),(4068,41,'0',236,'2019-02-25 10:01:53'),(4069,41,'0',235,'2019-02-25 10:01:53'),(4070,41,'0',175,'2019-02-25 10:01:54'),(4071,41,'0',172,'2019-02-25 10:01:55'),(4073,41,'0',255,'2019-02-25 10:01:55'),(4074,41,'0',188,'2019-02-25 10:01:57'),(4075,41,'0',181,'2019-02-25 10:01:57'),(4076,41,'0',187,'2019-02-25 10:01:57'),(4077,41,'0',229,'2019-02-25 10:01:58'),(4078,41,'0',230,'2019-02-25 10:01:58'),(4079,41,'0',227,'2019-02-25 10:01:58'),(4080,41,'0',229,'2019-02-25 10:02:01'),(4081,41,'0',230,'2019-02-25 10:02:01'),(4082,41,'0',227,'2019-02-25 10:02:01'),(4083,41,'0',229,'2019-02-25 10:02:13'),(4084,41,'0',230,'2019-02-25 10:02:13'),(4085,41,'0',227,'2019-02-25 10:02:13'),(4086,41,'0',229,'2019-02-25 10:02:24'),(4087,41,'0',230,'2019-02-25 10:02:24'),(4088,41,'0',227,'2019-02-25 10:02:24'),(4089,41,'0',229,'2019-02-25 10:02:24'),(4090,41,'0',230,'2019-02-25 10:02:24'),(4091,41,'0',227,'2019-02-25 10:02:24'),(4092,41,'0',236,'2019-02-25 10:02:25'),(4093,41,'0',235,'2019-02-25 10:02:25'),(4094,41,'0',236,'2019-02-25 10:02:26'),(4095,41,'0',235,'2019-02-25 10:02:26'),(4096,41,'0',188,'2019-02-25 10:02:27'),(4097,41,'0',181,'2019-02-25 10:02:27'),(4098,41,'0',187,'2019-02-25 10:02:27'),(4099,41,'0',188,'2019-02-25 10:02:27'),(4100,41,'0',181,'2019-02-25 10:02:27'),(4101,41,'0',187,'2019-02-25 10:02:27'),(4102,41,'0',229,'2019-02-25 10:03:10'),(4103,41,'0',230,'2019-02-25 10:03:10'),(4104,41,'0',227,'2019-02-25 10:03:10'),(4105,41,'0',236,'2019-02-25 10:03:11'),(4106,41,'0',235,'2019-02-25 10:03:11'),(4107,41,'0',229,'2019-02-25 10:03:11'),(4108,41,'0',230,'2019-02-25 10:03:11'),(4109,41,'0',227,'2019-02-25 10:03:11'),(4110,41,'0',229,'2019-02-25 10:03:12'),(4111,41,'0',230,'2019-02-25 10:03:12'),(4112,41,'0',227,'2019-02-25 10:03:12'),(4113,41,'0',188,'2019-02-25 10:03:12'),(4114,41,'0',181,'2019-02-25 10:03:12'),(4115,41,'0',187,'2019-02-25 10:03:12'),(4116,41,'0',236,'2019-02-25 10:03:13'),(4117,41,'0',235,'2019-02-25 10:03:13'),(4118,41,'0',229,'2019-02-25 10:03:14'),(4119,41,'0',230,'2019-02-25 10:03:14'),(4120,41,'0',227,'2019-02-25 10:03:14'),(4121,41,'0',229,'2019-02-25 10:03:21'),(4122,41,'0',230,'2019-02-25 10:03:21'),(4123,41,'0',227,'2019-02-25 10:03:21'),(4124,41,'0',229,'2019-02-25 10:03:21'),(4125,41,'0',230,'2019-02-25 10:03:21'),(4126,41,'0',227,'2019-02-25 10:03:21'),(4127,41,'0',236,'2019-02-25 10:03:22'),(4128,41,'0',235,'2019-02-25 10:03:22'),(4129,41,'0',175,'2019-02-25 10:03:23'),(4130,41,'0',236,'2019-02-25 10:03:27'),(4131,41,'0',235,'2019-02-25 10:03:27'),(4132,41,'0',188,'2019-02-25 10:03:27'),(4133,41,'0',181,'2019-02-25 10:03:27'),(4134,41,'0',187,'2019-02-25 10:03:27'),(4135,41,'0',188,'2019-02-25 10:03:28'),(4136,41,'0',181,'2019-02-25 10:03:28'),(4137,41,'0',187,'2019-02-25 10:03:28'),(4139,41,'0',255,'2019-02-25 10:06:57'),(4141,41,'0',255,'2019-02-25 10:06:58'),(4142,41,'0',229,'2019-02-25 10:07:07'),(4143,41,'0',230,'2019-02-25 10:07:07'),(4144,41,'0',227,'2019-02-25 10:07:07'),(4145,41,'0',229,'2019-02-25 10:07:07'),(4146,41,'0',230,'2019-02-25 10:07:07'),(4147,41,'0',227,'2019-02-25 10:07:07'),(4148,41,'0',236,'2019-02-25 10:07:08'),(4149,41,'0',235,'2019-02-25 10:07:08'),(4151,41,'0',255,'2019-02-25 10:07:36'),(4153,41,'0',255,'2019-02-25 10:07:36'),(4155,41,'0',255,'2019-02-25 10:07:54'),(4157,41,'0',255,'2019-02-25 10:07:54'),(4159,41,'0',255,'2019-02-25 10:12:26'),(4161,41,'0',255,'2019-02-25 10:12:26'),(4163,41,'0',255,'2019-02-25 10:18:41'),(4165,41,'0',255,'2019-02-25 10:18:41'),(4167,41,'0',255,'2019-02-25 10:24:00'),(4169,41,'0',255,'2019-02-25 10:24:00'),(4170,41,'0',229,'2019-02-25 10:27:25'),(4171,41,'0',230,'2019-02-25 10:27:25'),(4172,41,'0',227,'2019-02-25 10:27:25'),(4173,41,'0',236,'2019-02-25 10:27:26'),(4174,41,'0',235,'2019-02-25 10:27:26'),(4175,41,'0',229,'2019-02-25 10:27:26'),(4176,41,'0',230,'2019-02-25 10:27:26'),(4177,41,'0',227,'2019-02-25 10:27:26'),(4178,41,'0',229,'2019-02-25 10:27:27'),(4179,41,'0',230,'2019-02-25 10:27:27'),(4180,41,'0',227,'2019-02-25 10:27:27'),(4181,41,'0',188,'2019-02-25 10:27:27'),(4182,41,'0',181,'2019-02-25 10:27:27'),(4183,41,'0',187,'2019-02-25 10:27:27'),(4184,41,'0',229,'2019-02-25 10:27:30'),(4185,41,'0',229,'2019-02-25 10:27:30'),(4186,41,'0',230,'2019-02-25 10:27:30'),(4187,41,'0',230,'2019-02-25 10:27:30'),(4188,41,'0',227,'2019-02-25 10:27:30'),(4189,41,'0',227,'2019-02-25 10:27:30'),(4190,41,'0',236,'2019-02-25 10:27:31'),(4191,41,'0',235,'2019-02-25 10:27:31'),(4192,41,'0',175,'2019-02-25 10:29:03'),(4193,41,'0',175,'2019-02-25 10:29:03'),(4194,41,'0',229,'2019-02-25 10:29:04'),(4195,41,'0',230,'2019-02-25 10:29:04'),(4196,41,'0',227,'2019-02-25 10:29:04'),(4197,41,'0',236,'2019-02-25 10:29:05'),(4198,41,'0',235,'2019-02-25 10:29:05'),(4199,41,'0',236,'2019-02-25 10:29:05'),(4200,41,'0',235,'2019-02-25 10:29:05'),(4201,41,'0',188,'2019-02-25 10:29:06'),(4202,41,'0',181,'2019-02-25 10:29:06'),(4203,41,'0',187,'2019-02-25 10:29:06'),(4204,41,'0',229,'2019-02-25 10:29:06'),(4205,41,'0',230,'2019-02-25 10:29:06'),(4206,41,'0',227,'2019-02-25 10:29:06'),(4207,41,'0',229,'2019-02-25 10:29:10'),(4208,41,'0',230,'2019-02-25 10:29:10'),(4209,41,'0',227,'2019-02-25 10:29:10'),(4210,41,'0',229,'2019-02-25 10:29:21'),(4211,41,'0',229,'2019-02-25 10:29:21'),(4212,41,'0',230,'2019-02-25 10:29:22'),(4213,41,'0',230,'2019-02-25 10:29:22'),(4214,41,'0',227,'2019-02-25 10:29:22'),(4215,41,'0',227,'2019-02-25 10:29:22'),(4216,41,'0',236,'2019-02-25 10:29:22'),(4217,41,'0',235,'2019-02-25 10:29:22'),(4218,41,'0',188,'2019-02-25 10:29:31'),(4219,41,'0',181,'2019-02-25 10:29:31'),(4220,41,'0',187,'2019-02-25 10:29:31'),(4221,41,'0',188,'2019-02-25 10:29:32'),(4222,41,'0',181,'2019-02-25 10:29:32'),(4223,41,'0',187,'2019-02-25 10:29:32'),(4224,41,'0',236,'2019-02-25 10:29:33'),(4225,41,'0',235,'2019-02-25 10:29:33'),(4226,41,'0',175,'2019-02-25 10:29:35'),(4228,41,'0',255,'2019-02-25 10:29:36'),(4229,41,'0',172,'2019-02-25 10:29:37'),(4230,41,'0',229,'2019-02-25 10:30:13'),(4231,41,'0',230,'2019-02-25 10:30:13'),(4232,41,'0',227,'2019-02-25 10:30:13'),(4233,41,'0',229,'2019-02-25 10:30:13'),(4234,41,'0',230,'2019-02-25 10:30:13'),(4235,41,'0',227,'2019-02-25 10:30:13'),(4236,41,'0',236,'2019-02-25 10:30:14'),(4237,41,'0',235,'2019-02-25 10:30:14'),(4238,41,'0',229,'2019-02-25 10:31:30'),(4239,41,'0',230,'2019-02-25 10:31:30'),(4240,41,'0',227,'2019-02-25 10:31:30'),(4241,41,'0',236,'2019-02-25 10:31:31'),(4242,41,'0',235,'2019-02-25 10:31:31'),(4243,41,'0',229,'2019-02-25 10:31:32'),(4244,41,'0',230,'2019-02-25 10:31:32'),(4245,41,'0',227,'2019-02-25 10:31:32'),(4246,41,'0',236,'2019-02-25 10:31:32'),(4247,41,'0',235,'2019-02-25 10:31:32'),(4248,41,'0',188,'2019-02-25 10:31:33'),(4249,41,'0',181,'2019-02-25 10:31:33'),(4250,41,'0',187,'2019-02-25 10:31:33'),(4251,41,'0',229,'2019-02-25 10:32:38'),(4252,41,'0',230,'2019-02-25 10:32:38'),(4253,41,'0',227,'2019-02-25 10:32:38'),(4254,41,'0',236,'2019-02-25 10:32:39'),(4255,41,'0',235,'2019-02-25 10:32:39'),(4256,41,'0',229,'2019-02-25 10:32:40'),(4257,41,'0',230,'2019-02-25 10:32:40'),(4258,41,'0',227,'2019-02-25 10:32:40'),(4259,41,'0',229,'2019-02-25 10:32:43'),(4260,41,'0',229,'2019-02-25 10:32:43'),(4261,41,'0',230,'2019-02-25 10:32:43'),(4262,41,'0',227,'2019-02-25 10:32:43'),(4263,41,'0',230,'2019-02-25 10:32:43'),(4264,41,'0',227,'2019-02-25 10:32:43'),(4265,41,'0',236,'2019-02-25 10:32:45'),(4266,41,'0',235,'2019-02-25 10:32:45'),(4267,41,'0',229,'2019-02-25 10:32:46'),(4268,41,'0',230,'2019-02-25 10:32:46'),(4269,41,'0',227,'2019-02-25 10:32:46'),(4270,41,'0',229,'2019-02-25 10:34:06'),(4271,41,'0',230,'2019-02-25 10:34:06'),(4272,41,'0',227,'2019-02-25 10:34:06'),(4273,41,'0',229,'2019-02-25 10:34:06'),(4274,41,'0',230,'2019-02-25 10:34:06'),(4275,41,'0',227,'2019-02-25 10:34:06'),(4276,41,'0',236,'2019-02-25 10:34:07'),(4277,41,'0',235,'2019-02-25 10:34:07'),(4278,41,'0',188,'2019-02-25 10:34:08'),(4279,41,'0',181,'2019-02-25 10:34:08'),(4280,41,'0',187,'2019-02-25 10:34:08'),(4281,41,'0',175,'2019-02-25 10:34:14'),(4282,41,'0',236,'2019-02-25 10:36:17'),(4283,41,'0',235,'2019-02-25 10:36:17'),(4284,41,'0',229,'2019-02-25 10:36:18'),(4285,41,'0',230,'2019-02-25 10:36:18'),(4286,41,'0',227,'2019-02-25 10:36:18'),(4287,41,'0',229,'2019-02-25 10:36:28'),(4288,41,'0',230,'2019-02-25 10:36:28'),(4289,41,'0',227,'2019-02-25 10:36:28'),(4290,41,'0',229,'2019-02-25 10:36:28'),(4291,41,'0',230,'2019-02-25 10:36:28'),(4292,41,'0',227,'2019-02-25 10:36:28'),(4293,41,'0',188,'2019-02-25 10:36:30'),(4294,41,'0',181,'2019-02-25 10:36:30'),(4295,41,'0',187,'2019-02-25 10:36:30'),(4296,41,'0',229,'2019-02-25 10:36:33'),(4297,41,'0',230,'2019-02-25 10:36:33'),(4298,41,'0',227,'2019-02-25 10:36:33'),(4299,41,'0',236,'2019-02-25 10:36:35'),(4300,41,'0',235,'2019-02-25 10:36:35'),(4301,41,'0',229,'2019-02-25 10:39:40'),(4302,41,'0',230,'2019-02-25 10:39:40'),(4303,41,'0',227,'2019-02-25 10:39:40'),(4304,41,'0',229,'2019-02-25 10:39:40'),(4305,41,'0',230,'2019-02-25 10:39:40'),(4306,41,'0',227,'2019-02-25 10:39:40'),(4307,41,'0',236,'2019-02-25 10:39:42'),(4308,41,'0',235,'2019-02-25 10:39:42'),(4309,41,'0',188,'2019-02-25 10:39:43'),(4310,41,'0',181,'2019-02-25 10:39:43'),(4311,41,'0',187,'2019-02-25 10:39:43'),(4312,41,'0',229,'2019-02-25 10:39:52'),(4313,41,'0',230,'2019-02-25 10:39:52'),(4314,41,'0',227,'2019-02-25 10:39:52'),(4315,41,'0',229,'2019-02-25 10:39:52'),(4316,41,'0',230,'2019-02-25 10:39:52'),(4317,41,'0',227,'2019-02-25 10:39:52'),(4318,41,'0',236,'2019-02-25 10:39:54'),(4319,41,'0',235,'2019-02-25 10:39:54'),(4320,41,'0',229,'2019-02-25 10:40:01'),(4321,41,'0',230,'2019-02-25 10:40:01'),(4322,41,'0',227,'2019-02-25 10:40:01'),(4323,41,'0',229,'2019-02-25 10:40:01'),(4324,41,'0',230,'2019-02-25 10:40:01'),(4325,41,'0',227,'2019-02-25 10:40:01'),(4326,41,'0',229,'2019-02-25 10:40:05'),(4327,41,'0',230,'2019-02-25 10:40:05'),(4328,41,'0',227,'2019-02-25 10:40:05'),(4329,41,'0',236,'2019-02-25 10:40:06'),(4330,41,'0',235,'2019-02-25 10:40:06'),(4331,41,'0',258,'2019-02-25 10:41:16'),(4332,41,'0',257,'2019-02-25 10:41:16'),(4334,41,'0',255,'2019-02-25 10:41:16'),(4335,41,'0',258,'2019-02-25 10:41:16'),(4336,41,'0',257,'2019-02-25 10:41:16'),(4338,41,'0',255,'2019-02-25 10:41:16'),(4339,41,'0',236,'2019-02-25 10:41:17'),(4340,41,'0',235,'2019-02-25 10:41:17'),(4341,41,'0',229,'2019-02-25 10:41:19'),(4342,41,'0',230,'2019-02-25 10:41:19'),(4343,41,'0',227,'2019-02-25 10:41:19'),(4344,41,'0',188,'2019-02-25 10:41:20'),(4345,41,'0',181,'2019-02-25 10:41:20'),(4346,41,'0',187,'2019-02-25 10:41:20'),(4347,41,'0',175,'2019-02-25 10:41:21'),(4348,41,'0',258,'2019-02-25 10:41:22'),(4349,41,'0',257,'2019-02-25 10:41:22'),(4351,41,'0',255,'2019-02-25 10:41:22'),(4352,41,'0',172,'2019-02-25 10:41:22'),(4353,41,'0',175,'2019-02-25 10:41:23'),(4354,41,'0',258,'2019-02-25 10:41:28'),(4355,41,'0',257,'2019-02-25 10:41:28'),(4357,41,'0',255,'2019-02-25 10:41:28'),(4358,41,'0',258,'2019-02-25 10:41:36'),(4359,41,'0',257,'2019-02-25 10:41:36'),(4361,41,'0',255,'2019-02-25 10:41:36'),(4362,41,'0',258,'2019-02-25 10:41:36'),(4363,41,'0',257,'2019-02-25 10:41:36'),(4365,41,'0',255,'2019-02-25 10:41:36'),(4366,41,'0',175,'2019-02-25 10:41:37'),(4367,41,'0',258,'2019-02-25 10:41:42'),(4368,41,'0',257,'2019-02-25 10:41:42'),(4370,41,'0',255,'2019-02-25 10:41:42'),(4371,41,'0',258,'2019-02-25 10:41:42'),(4372,41,'0',257,'2019-02-25 10:41:42'),(4374,41,'0',255,'2019-02-25 10:41:42'),(4378,41,'0',236,'2019-02-25 10:41:43'),(4379,41,'0',235,'2019-02-25 10:41:43'),(4380,41,'0',188,'2019-02-25 10:41:43'),(4381,41,'0',181,'2019-02-25 10:41:43'),(4382,41,'0',187,'2019-02-25 10:41:43'),(4389,41,'0',236,'2019-02-25 10:44:12'),(4390,41,'0',235,'2019-02-25 10:44:12'),(4391,41,'0',229,'2019-02-25 10:44:15'),(4392,41,'0',230,'2019-02-25 10:44:15'),(4393,41,'0',227,'2019-02-25 10:44:15'),(4394,41,'0',188,'2019-02-25 10:44:16'),(4395,41,'0',181,'2019-02-25 10:44:16'),(4396,41,'0',187,'2019-02-25 10:44:16'),(4397,41,'0',236,'2019-02-25 10:44:16'),(4398,41,'0',235,'2019-02-25 10:44:16'),(4399,41,'0',229,'2019-02-25 10:44:17'),(4400,41,'0',230,'2019-02-25 10:44:17'),(4401,41,'0',227,'2019-02-25 10:44:17'),(4402,41,'0',175,'2019-02-25 10:44:18'),(4403,41,'0',236,'2019-02-25 10:45:25'),(4404,41,'0',235,'2019-02-25 10:45:25'),(4415,41,'0',236,'2019-02-25 10:47:04'),(4416,41,'0',235,'2019-02-25 10:47:04'),(4417,41,'0',229,'2019-02-25 10:47:05'),(4418,41,'0',230,'2019-02-25 10:47:05'),(4419,41,'0',227,'2019-02-25 10:47:05'),(4420,41,'0',188,'2019-02-25 10:47:05'),(4421,41,'0',181,'2019-02-25 10:47:05'),(4422,41,'0',187,'2019-02-25 10:47:05'),(4423,41,'0',236,'2019-02-25 10:47:06'),(4424,41,'0',235,'2019-02-25 10:47:06'),(4430,41,'0',265,'2019-02-25 10:47:55'),(4431,41,'0',258,'2019-02-25 10:47:55'),(4432,41,'0',257,'2019-02-25 10:47:55'),(4434,41,'0',255,'2019-02-25 10:47:55'),(4435,41,'0',265,'2019-02-25 10:47:55'),(4436,41,'0',258,'2019-02-25 10:47:55'),(4437,41,'0',257,'2019-02-25 10:47:55'),(4439,41,'0',255,'2019-02-25 10:47:55'),(4440,41,'0',229,'2019-02-25 10:47:57'),(4441,41,'0',230,'2019-02-25 10:47:57'),(4442,41,'0',227,'2019-02-25 10:47:57'),(4443,41,'0',236,'2019-02-25 10:47:58'),(4444,41,'0',235,'2019-02-25 10:47:58'),(4445,41,'0',229,'2019-02-25 10:47:59'),(4446,41,'0',230,'2019-02-25 10:47:59'),(4447,41,'0',227,'2019-02-25 10:47:59'),(4448,41,'0',265,'2019-02-25 10:48:03'),(4449,41,'0',258,'2019-02-25 10:48:03'),(4450,41,'0',257,'2019-02-25 10:48:03'),(4452,41,'0',255,'2019-02-25 10:48:03'),(4453,41,'0',265,'2019-02-25 10:48:03'),(4454,41,'0',258,'2019-02-25 10:48:03'),(4455,41,'0',257,'2019-02-25 10:48:03'),(4457,41,'0',255,'2019-02-25 10:48:03'),(4458,41,'0',236,'2019-02-25 10:48:04'),(4459,41,'0',235,'2019-02-25 10:48:04'),(4460,41,'0',175,'2019-02-25 10:48:05'),(4461,41,'0',265,'2019-02-25 10:49:36'),(4462,41,'0',258,'2019-02-25 10:49:36'),(4463,41,'0',257,'2019-02-25 10:49:36'),(4465,41,'0',255,'2019-02-25 10:49:36'),(4466,41,'0',265,'2019-02-25 10:49:37'),(4467,41,'0',258,'2019-02-25 10:49:37'),(4468,41,'0',257,'2019-02-25 10:49:37'),(4470,41,'0',255,'2019-02-25 10:49:37'),(4471,41,'0',236,'2019-02-25 10:49:37'),(4472,41,'0',235,'2019-02-25 10:49:37'),(4473,41,'0',265,'2019-02-25 10:50:05'),(4474,41,'0',258,'2019-02-25 10:50:05'),(4475,41,'0',257,'2019-02-25 10:50:05'),(4477,41,'0',255,'2019-02-25 10:50:05'),(4478,41,'0',265,'2019-02-25 10:50:05'),(4479,41,'0',258,'2019-02-25 10:50:05'),(4480,41,'0',257,'2019-02-25 10:50:05'),(4482,41,'0',255,'2019-02-25 10:50:05'),(4483,41,'0',236,'2019-02-25 10:50:10'),(4484,41,'0',235,'2019-02-25 10:50:10'),(4485,41,'0',265,'2019-02-25 10:50:50'),(4486,41,'0',258,'2019-02-25 10:50:50'),(4487,41,'0',257,'2019-02-25 10:50:50'),(4489,41,'0',255,'2019-02-25 10:50:50'),(4490,41,'0',265,'2019-02-25 10:50:50'),(4491,41,'0',258,'2019-02-25 10:50:50'),(4492,41,'0',257,'2019-02-25 10:50:50'),(4494,41,'0',255,'2019-02-25 10:50:50'),(4495,41,'0',236,'2019-02-25 10:50:51'),(4496,41,'0',235,'2019-02-25 10:50:51'),(4497,41,'0',188,'2019-02-25 10:50:52'),(4498,41,'0',181,'2019-02-25 10:50:52'),(4499,41,'0',187,'2019-02-25 10:50:52'),(4500,41,'0',175,'2019-02-25 10:50:53'),(4501,41,'0',265,'2019-02-25 10:50:53'),(4502,41,'0',258,'2019-02-25 10:50:53'),(4503,41,'0',257,'2019-02-25 10:50:53'),(4505,41,'0',255,'2019-02-25 10:50:53'),(4506,41,'0',172,'2019-02-25 10:50:54'),(4507,41,'0',265,'2019-02-25 10:50:57'),(4508,41,'0',258,'2019-02-25 10:50:57'),(4509,41,'0',257,'2019-02-25 10:50:57'),(4511,41,'0',255,'2019-02-25 10:50:57'),(4512,41,'0',175,'2019-02-25 10:51:05'),(4513,41,'0',284,'2019-02-25 10:51:08'),(4514,41,'0',265,'2019-02-25 10:51:08'),(4515,41,'0',258,'2019-02-25 10:51:08'),(4516,41,'0',257,'2019-02-25 10:51:08'),(4518,41,'0',284,'2019-02-25 10:51:08'),(4519,41,'0',265,'2019-02-25 10:51:08'),(4520,41,'0',258,'2019-02-25 10:51:08'),(4521,41,'0',257,'2019-02-25 10:51:08'),(4523,41,'0',229,'2019-02-25 10:51:13'),(4524,41,'0',230,'2019-02-25 10:51:13'),(4525,41,'0',227,'2019-02-25 10:51:13'),(4526,41,'0',284,'2019-02-25 10:51:15'),(4527,41,'0',265,'2019-02-25 10:51:15'),(4528,41,'0',258,'2019-02-25 10:51:15'),(4529,41,'0',257,'2019-02-25 10:51:15'),(4531,41,'0',284,'2019-02-25 10:51:15'),(4532,41,'0',265,'2019-02-25 10:51:15'),(4533,41,'0',258,'2019-02-25 10:51:15'),(4534,41,'0',257,'2019-02-25 10:51:15'),(4536,41,'0',229,'2019-02-25 10:51:16'),(4537,41,'0',230,'2019-02-25 10:51:16'),(4538,41,'0',227,'2019-02-25 10:51:16'),(4539,41,'0',284,'2019-02-25 10:51:23'),(4540,41,'0',265,'2019-02-25 10:51:23'),(4541,41,'0',284,'2019-02-25 10:51:23'),(4542,41,'0',258,'2019-02-25 10:51:23'),(4543,41,'0',265,'2019-02-25 10:51:23'),(4544,41,'0',257,'2019-02-25 10:51:23'),(4545,41,'0',258,'2019-02-25 10:51:23'),(4547,41,'0',257,'2019-02-25 10:51:23'),(4549,41,'0',284,'2019-02-25 10:51:28'),(4550,41,'0',265,'2019-02-25 10:51:28'),(4551,41,'0',284,'2019-02-25 10:51:28'),(4552,41,'0',258,'2019-02-25 10:51:28'),(4553,41,'0',265,'2019-02-25 10:51:28'),(4554,41,'0',257,'2019-02-25 10:51:28'),(4555,41,'0',258,'2019-02-25 10:51:28'),(4557,41,'0',257,'2019-02-25 10:51:28'),(4559,41,'0',229,'2019-02-25 10:51:29'),(4560,41,'0',230,'2019-02-25 10:51:29'),(4561,41,'0',227,'2019-02-25 10:51:29'),(4562,41,'0',284,'2019-02-25 10:53:16'),(4563,41,'0',265,'2019-02-25 10:53:16'),(4564,41,'0',258,'2019-02-25 10:53:16'),(4565,41,'0',257,'2019-02-25 10:53:16'),(4566,41,'0',284,'2019-02-25 10:53:16'),(4568,41,'0',265,'2019-02-25 10:53:16'),(4569,41,'0',258,'2019-02-25 10:53:16'),(4570,41,'0',257,'2019-02-25 10:53:16'),(4572,41,'0',236,'2019-02-25 10:53:17'),(4573,41,'0',235,'2019-02-25 10:53:17'),(4579,41,'0',284,'2019-02-25 10:53:29'),(4580,41,'0',265,'2019-02-25 10:53:29'),(4581,41,'0',284,'2019-02-25 10:53:29'),(4582,41,'0',258,'2019-02-25 10:53:29'),(4583,41,'0',265,'2019-02-25 10:53:29'),(4584,41,'0',257,'2019-02-25 10:53:29'),(4585,41,'0',258,'2019-02-25 10:53:29'),(4587,41,'0',257,'2019-02-25 10:53:30'),(4589,41,'0',236,'2019-02-25 10:53:31'),(4590,41,'0',235,'2019-02-25 10:53:31'),(4591,41,'0',229,'2019-02-25 10:53:33'),(4592,41,'0',230,'2019-02-25 10:53:33'),(4593,41,'0',227,'2019-02-25 10:53:33'),(4594,41,'0',236,'2019-02-25 10:53:34'),(4595,41,'0',235,'2019-02-25 10:53:34'),(4596,41,'0',229,'2019-02-25 10:53:35'),(4597,41,'0',230,'2019-02-25 10:53:35'),(4598,41,'0',227,'2019-02-25 10:53:35'),(4599,41,'0',289,'2019-02-25 10:55:54'),(4600,41,'0',284,'2019-02-25 10:55:54'),(4601,41,'0',265,'2019-02-25 10:55:54'),(4602,41,'0',258,'2019-02-25 10:55:54'),(4603,41,'0',257,'2019-02-25 10:55:54'),(4604,41,'0',289,'2019-02-25 10:55:54'),(4605,41,'0',284,'2019-02-25 10:55:54'),(4606,41,'0',265,'2019-02-25 10:55:54'),(4607,41,'0',258,'2019-02-25 10:55:54'),(4608,41,'0',257,'2019-02-25 10:55:54'),(4609,41,'0',236,'2019-02-25 10:55:55'),(4610,41,'0',235,'2019-02-25 10:55:55'),(4611,41,'0',188,'2019-02-25 10:55:56'),(4612,41,'0',181,'2019-02-25 10:55:56'),(4613,41,'0',187,'2019-02-25 10:55:56'),(4614,41,'0',236,'2019-02-25 10:55:59'),(4615,41,'0',235,'2019-02-25 10:55:59'),(4616,41,'0',292,'2019-02-25 10:59:33'),(4617,41,'0',289,'2019-02-25 10:59:33'),(4618,41,'0',284,'2019-02-25 10:59:33'),(4619,41,'0',265,'2019-02-25 10:59:33'),(4620,41,'0',258,'2019-02-25 10:59:33'),(4621,41,'0',292,'2019-02-25 10:59:33'),(4622,41,'0',289,'2019-02-25 10:59:33'),(4623,41,'0',284,'2019-02-25 10:59:33'),(4624,41,'0',265,'2019-02-25 10:59:33'),(4625,41,'0',258,'2019-02-25 10:59:33'),(4626,41,'0',236,'2019-02-25 10:59:34'),(4627,41,'0',235,'2019-02-25 10:59:34'),(4628,41,'0',229,'2019-02-25 10:59:35'),(4629,41,'0',230,'2019-02-25 10:59:35'),(4630,41,'0',227,'2019-02-25 10:59:35'),(4631,41,'0',188,'2019-02-25 10:59:35'),(4632,41,'0',181,'2019-02-25 10:59:35'),(4633,41,'0',187,'2019-02-25 10:59:35'),(4634,41,'0',236,'2019-02-25 10:59:36'),(4635,41,'0',235,'2019-02-25 10:59:36'),(4636,41,'0',292,'2019-02-25 11:01:01'),(4637,41,'0',292,'2019-02-25 11:01:01'),(4638,41,'0',289,'2019-02-25 11:01:01'),(4639,41,'0',289,'2019-02-25 11:01:01'),(4640,41,'0',284,'2019-02-25 11:01:01'),(4641,41,'0',284,'2019-02-25 11:01:01'),(4642,41,'0',265,'2019-02-25 11:01:01'),(4643,41,'0',265,'2019-02-25 11:01:01'),(4644,41,'0',258,'2019-02-25 11:01:01'),(4645,41,'0',258,'2019-02-25 11:01:01'),(4646,41,'0',236,'2019-02-25 11:01:05'),(4647,41,'0',235,'2019-02-25 11:01:05'),(4648,41,'0',188,'2019-02-25 11:01:07'),(4649,41,'0',181,'2019-02-25 11:01:07'),(4650,41,'0',187,'2019-02-25 11:01:07'),(4651,41,'0',236,'2019-02-25 11:01:07'),(4652,41,'0',235,'2019-02-25 11:01:07'),(4653,41,'0',229,'2019-02-25 11:01:09'),(4654,41,'0',230,'2019-02-25 11:01:09'),(4655,41,'0',227,'2019-02-25 11:01:09'),(4656,41,'0',236,'2019-02-25 11:01:10'),(4657,41,'0',235,'2019-02-25 11:01:10'),(4658,41,'0',188,'2019-02-25 11:01:11'),(4659,41,'0',181,'2019-02-25 11:01:11'),(4660,41,'0',187,'2019-02-25 11:01:11'),(4661,41,'0',295,'2019-02-25 11:01:13'),(4662,41,'0',292,'2019-02-25 11:01:13'),(4663,41,'0',289,'2019-02-25 11:01:13'),(4664,41,'0',284,'2019-02-25 11:01:13'),(4665,41,'0',265,'2019-02-25 11:01:13'),(4666,41,'0',175,'2019-02-25 11:01:14'),(4667,41,'0',295,'2019-02-25 11:01:15'),(4668,41,'0',292,'2019-02-25 11:01:15'),(4669,41,'0',289,'2019-02-25 11:01:15'),(4670,41,'0',284,'2019-02-25 11:01:15'),(4671,41,'0',265,'2019-02-25 11:01:15'),(4672,41,'0',236,'2019-02-25 11:01:16'),(4673,41,'0',235,'2019-02-25 11:01:16'),(4674,41,'0',296,'2019-02-25 11:08:31'),(4675,41,'0',300,'2019-02-25 11:08:31'),(4676,41,'0',295,'2019-02-25 11:08:31'),(4677,41,'0',299,'2019-02-25 11:08:31'),(4678,41,'0',292,'2019-02-25 11:08:31'),(4679,41,'0',296,'2019-02-25 11:08:31'),(4680,41,'0',300,'2019-02-25 11:08:31'),(4681,41,'0',295,'2019-02-25 11:08:31'),(4682,41,'0',299,'2019-02-25 11:08:31'),(4683,41,'0',292,'2019-02-25 11:08:31'),(4684,41,'0',236,'2019-02-25 11:08:32'),(4685,41,'0',235,'2019-02-25 11:08:32'),(4686,41,'0',296,'2019-02-25 11:11:25'),(4687,41,'0',300,'2019-02-25 11:11:25'),(4688,41,'0',295,'2019-02-25 11:11:25'),(4689,41,'0',299,'2019-02-25 11:11:25'),(4690,41,'0',292,'2019-02-25 11:11:25'),(4691,41,'0',296,'2019-02-25 11:11:25'),(4692,41,'0',300,'2019-02-25 11:11:25'),(4693,41,'0',295,'2019-02-25 11:11:25'),(4694,41,'0',299,'2019-02-25 11:11:25'),(4695,41,'0',292,'2019-02-25 11:11:25'),(4696,41,'0',236,'2019-02-25 11:11:27'),(4697,41,'0',235,'2019-02-25 11:11:27'),(4698,41,'0',188,'2019-02-25 11:11:30'),(4699,41,'0',181,'2019-02-25 11:11:30'),(4700,41,'0',187,'2019-02-25 11:11:30'),(4701,41,'0',229,'2019-02-25 11:11:31'),(4702,41,'0',230,'2019-02-25 11:11:31'),(4703,41,'0',227,'2019-02-25 11:11:31'),(4704,41,'0',236,'2019-02-25 11:11:31'),(4705,41,'0',235,'2019-02-25 11:11:31'),(4706,41,'0',236,'2019-02-25 11:11:32'),(4707,41,'0',235,'2019-02-25 11:11:32'),(4708,41,'0',296,'2019-02-25 11:11:38'),(4709,41,'0',300,'2019-02-25 11:11:38'),(4710,41,'0',295,'2019-02-25 11:11:39'),(4711,41,'0',299,'2019-02-25 11:11:39'),(4712,41,'0',292,'2019-02-25 11:11:39'),(4713,41,'0',289,'2019-02-25 11:11:48'),(4714,41,'0',284,'2019-02-25 11:11:48'),(4715,41,'0',265,'2019-02-25 11:11:48'),(4716,41,'0',258,'2019-02-25 11:11:48'),(4717,41,'0',303,'2019-02-25 11:11:48'),(4718,41,'0',289,'2019-02-25 11:11:48'),(4719,41,'0',284,'2019-02-25 11:11:48'),(4720,41,'0',265,'2019-02-25 11:11:48'),(4721,41,'0',258,'2019-02-25 11:11:49'),(4722,41,'0',303,'2019-02-25 11:11:49'),(4723,41,'0',236,'2019-02-25 11:11:50'),(4724,41,'0',235,'2019-02-25 11:11:50'),(4725,41,'0',188,'2019-02-25 11:13:02'),(4726,41,'0',181,'2019-02-25 11:13:02'),(4727,41,'0',187,'2019-02-25 11:13:02'),(4728,41,'0',236,'2019-02-25 11:13:03'),(4729,41,'0',235,'2019-02-25 11:13:03'),(4730,41,'0',188,'2019-02-25 11:13:06'),(4731,41,'0',181,'2019-02-25 11:13:06'),(4732,41,'0',187,'2019-02-25 11:13:06'),(4733,41,'0',296,'2019-02-25 11:17:12'),(4734,41,'0',300,'2019-02-25 11:17:12'),(4735,41,'0',295,'2019-02-25 11:17:12'),(4736,41,'0',299,'2019-02-25 11:17:12'),(4737,41,'0',292,'2019-02-25 11:17:12'),(4738,41,'0',296,'2019-02-25 11:17:12'),(4739,41,'0',300,'2019-02-25 11:17:12'),(4740,41,'0',295,'2019-02-25 11:17:12'),(4741,41,'0',299,'2019-02-25 11:17:12'),(4742,41,'0',292,'2019-02-25 11:17:12'),(4743,41,'0',236,'2019-02-25 11:17:50'),(4744,41,'0',235,'2019-02-25 11:17:50'),(4745,41,'0',188,'2019-02-25 11:17:54'),(4746,41,'0',181,'2019-02-25 11:17:54'),(4747,41,'0',187,'2019-02-25 11:17:54'),(4748,41,'0',296,'2019-02-25 11:18:26'),(4749,41,'0',300,'2019-02-25 11:18:26'),(4750,41,'0',295,'2019-02-25 11:18:26'),(4751,41,'0',299,'2019-02-25 11:18:26'),(4752,41,'0',292,'2019-02-25 11:18:26'),(4753,41,'0',296,'2019-02-25 11:18:26'),(4754,41,'0',300,'2019-02-25 11:18:26'),(4755,41,'0',295,'2019-02-25 11:18:26'),(4756,41,'0',299,'2019-02-25 11:18:26'),(4757,41,'0',292,'2019-02-25 11:18:26'),(4758,41,'0',236,'2019-02-25 11:18:27'),(4759,41,'0',235,'2019-02-25 11:18:27'),(4760,41,'0',188,'2019-02-25 11:18:28'),(4761,41,'0',181,'2019-02-25 11:18:28'),(4762,41,'0',187,'2019-02-25 11:18:28'),(4763,41,'0',236,'2019-02-25 11:18:29'),(4764,41,'0',235,'2019-02-25 11:18:29'),(4765,41,'0',229,'2019-02-25 11:18:30'),(4766,41,'0',230,'2019-02-25 11:18:30'),(4767,41,'0',227,'2019-02-25 11:18:30'),(4768,41,'0',188,'2019-02-25 11:18:31'),(4769,41,'0',181,'2019-02-25 11:18:31'),(4770,41,'0',187,'2019-02-25 11:18:31'),(4771,41,'0',236,'2019-02-25 11:18:31'),(4772,41,'0',235,'2019-02-25 11:18:31'),(4773,41,'0',175,'2019-02-25 11:18:32'),(4774,41,'0',172,'2019-02-25 11:18:34'),(4775,41,'0',188,'2019-02-25 11:18:35'),(4776,41,'0',181,'2019-02-25 11:18:35'),(4777,41,'0',187,'2019-02-25 11:18:35'),(4778,41,'0',236,'2019-02-25 11:18:36'),(4779,41,'0',235,'2019-02-25 11:18:36'),(4780,41,'0',229,'2019-02-25 11:18:37'),(4781,41,'0',230,'2019-02-25 11:18:37'),(4782,41,'0',227,'2019-02-25 11:18:37'),(4783,41,'0',188,'2019-02-25 11:18:38'),(4784,41,'0',181,'2019-02-25 11:18:38'),(4785,41,'0',187,'2019-02-25 11:18:38'),(4786,41,'0',236,'2019-02-25 11:18:39'),(4787,41,'0',235,'2019-02-25 11:18:39'),(4788,41,'0',296,'2019-02-25 11:18:42'),(4789,41,'0',300,'2019-02-25 11:18:42'),(4790,41,'0',295,'2019-02-25 11:18:42'),(4791,41,'0',299,'2019-02-25 11:18:42'),(4792,41,'0',292,'2019-02-25 11:18:43'),(4793,41,'0',188,'2019-02-25 11:18:44'),(4794,41,'0',181,'2019-02-25 11:18:44'),(4795,41,'0',187,'2019-02-25 11:18:44'),(4796,41,'0',296,'2019-02-25 11:18:48'),(4797,41,'0',300,'2019-02-25 11:18:48'),(4798,41,'0',295,'2019-02-25 11:18:48'),(4799,41,'0',299,'2019-02-25 11:18:48'),(4800,41,'0',292,'2019-02-25 11:18:48'),(4801,41,'0',296,'2019-02-25 11:18:48'),(4802,41,'0',300,'2019-02-25 11:18:48'),(4803,41,'0',295,'2019-02-25 11:18:48'),(4804,41,'0',299,'2019-02-25 11:18:48'),(4805,41,'0',292,'2019-02-25 11:18:48'),(4806,41,'0',236,'2019-02-25 11:18:49'),(4807,41,'0',235,'2019-02-25 11:18:49'),(4808,41,'0',229,'2019-02-25 11:18:51'),(4809,41,'0',230,'2019-02-25 11:18:51'),(4810,41,'0',227,'2019-02-25 11:18:51'),(4811,41,'0',188,'2019-02-25 11:18:52'),(4812,41,'0',181,'2019-02-25 11:18:52'),(4813,41,'0',187,'2019-02-25 11:18:52'),(4814,41,'0',296,'2019-02-25 11:18:55'),(4815,41,'0',300,'2019-02-25 11:18:55'),(4816,41,'0',295,'2019-02-25 11:18:55'),(4817,41,'0',299,'2019-02-25 11:18:55'),(4818,41,'0',292,'2019-02-25 11:18:55'),(4819,41,'0',296,'2019-02-25 11:18:55'),(4820,41,'0',300,'2019-02-25 11:18:55'),(4821,41,'0',295,'2019-02-25 11:18:55'),(4822,41,'0',299,'2019-02-25 11:18:55'),(4823,41,'0',292,'2019-02-25 11:18:55'),(4824,41,'0',296,'2019-02-25 11:19:00'),(4825,41,'0',300,'2019-02-25 11:19:00'),(4826,41,'0',295,'2019-02-25 11:19:00'),(4827,41,'0',299,'2019-02-25 11:19:00'),(4828,41,'0',292,'2019-02-25 11:19:00'),(4829,41,'0',296,'2019-02-25 11:19:00'),(4830,41,'0',300,'2019-02-25 11:19:00'),(4831,41,'0',295,'2019-02-25 11:19:00'),(4832,41,'0',299,'2019-02-25 11:19:00'),(4833,41,'0',292,'2019-02-25 11:19:00'),(4834,41,'0',296,'2019-02-25 11:20:17'),(4835,41,'0',300,'2019-02-25 11:20:17'),(4836,41,'0',295,'2019-02-25 11:20:17'),(4837,41,'0',299,'2019-02-25 11:20:17'),(4838,41,'0',292,'2019-02-25 11:20:17'),(4839,41,'0',296,'2019-02-25 11:20:17'),(4840,41,'0',300,'2019-02-25 11:20:17'),(4841,41,'0',295,'2019-02-25 11:20:17'),(4842,41,'0',299,'2019-02-25 11:20:17'),(4843,41,'0',292,'2019-02-25 11:20:17'),(4844,41,'0',236,'2019-02-25 11:20:18'),(4845,41,'0',235,'2019-02-25 11:20:19'),(4846,41,'0',188,'2019-02-25 11:20:19'),(4847,41,'0',181,'2019-02-25 11:20:19'),(4848,41,'0',187,'2019-02-25 11:20:20'),(4849,41,'0',229,'2019-02-25 11:20:20'),(4850,41,'0',230,'2019-02-25 11:20:20'),(4851,41,'0',227,'2019-02-25 11:20:20'),(4852,41,'0',296,'2019-02-25 11:20:36'),(4853,41,'0',300,'2019-02-25 11:20:36'),(4854,41,'0',296,'2019-02-25 11:20:36'),(4855,41,'0',295,'2019-02-25 11:20:36'),(4856,41,'0',300,'2019-02-25 11:20:36'),(4857,41,'0',299,'2019-02-25 11:20:36'),(4858,41,'0',295,'2019-02-25 11:20:36'),(4859,41,'0',292,'2019-02-25 11:20:36'),(4860,41,'0',299,'2019-02-25 11:20:36'),(4861,41,'0',292,'2019-02-25 11:20:36'),(4862,41,'0',236,'2019-02-25 11:20:37'),(4863,41,'0',235,'2019-02-25 11:20:37'),(4864,41,'0',296,'2019-02-25 11:21:01'),(4865,41,'0',300,'2019-02-25 11:21:01'),(4866,41,'0',295,'2019-02-25 11:21:01'),(4867,41,'0',299,'2019-02-25 11:21:01'),(4868,41,'0',292,'2019-02-25 11:21:01'),(4869,41,'0',296,'2019-02-25 11:21:01'),(4870,41,'0',300,'2019-02-25 11:21:01'),(4871,41,'0',295,'2019-02-25 11:21:01'),(4872,41,'0',299,'2019-02-25 11:21:01'),(4873,41,'0',292,'2019-02-25 11:21:01'),(4874,41,'0',236,'2019-02-25 11:21:02'),(4875,41,'0',235,'2019-02-25 11:21:02'),(4876,41,'0',296,'2019-02-25 11:27:51'),(4877,41,'0',299,'2019-02-25 11:27:51'),(4878,41,'0',295,'2019-02-25 11:27:51'),(4879,41,'0',292,'2019-02-25 11:27:51'),(4880,41,'0',300,'2019-02-25 11:27:51'),(4881,41,'0',296,'2019-02-25 11:27:51'),(4882,41,'0',299,'2019-02-25 11:27:51'),(4883,41,'0',295,'2019-02-25 11:27:51'),(4884,41,'0',292,'2019-02-25 11:27:51'),(4885,41,'0',300,'2019-02-25 11:27:51'),(4886,41,'0',296,'2019-02-25 11:28:20'),(4887,41,'0',299,'2019-02-25 11:28:20'),(4888,41,'0',296,'2019-02-25 11:28:20'),(4889,41,'0',295,'2019-02-25 11:28:20'),(4890,41,'0',299,'2019-02-25 11:28:20'),(4891,41,'0',292,'2019-02-25 11:28:20'),(4892,41,'0',295,'2019-02-25 11:28:20'),(4893,41,'0',300,'2019-02-25 11:28:20'),(4894,41,'0',292,'2019-02-25 11:28:20'),(4895,41,'0',300,'2019-02-25 11:28:20'),(4896,41,'0',301,'2019-02-25 11:28:24'),(4897,41,'0',303,'2019-02-25 11:28:24'),(4898,41,'0',257,'2019-02-25 11:28:24'),(4899,41,'0',308,'2019-02-25 11:28:24'),(4901,41,'0',301,'2019-02-25 11:28:24'),(4902,41,'0',303,'2019-02-25 11:28:24'),(4903,41,'0',257,'2019-02-25 11:28:24'),(4904,41,'0',308,'2019-02-25 11:28:24'),(4906,41,'0',229,'2019-02-25 11:28:27'),(4907,41,'0',230,'2019-02-25 11:28:27'),(4908,41,'0',227,'2019-02-25 11:28:27'),(4909,41,'0',296,'2019-02-25 11:28:38'),(4910,41,'0',299,'2019-02-25 11:28:38'),(4911,41,'0',295,'2019-02-25 11:28:38'),(4912,41,'0',292,'2019-02-25 11:28:38'),(4913,41,'0',300,'2019-02-25 11:28:38'),(4914,41,'0',296,'2019-02-25 11:28:38'),(4915,41,'0',299,'2019-02-25 11:28:38'),(4916,41,'0',295,'2019-02-25 11:28:38'),(4917,41,'0',292,'2019-02-25 11:28:38'),(4918,41,'0',300,'2019-02-25 11:28:39'),(4919,41,'0',296,'2019-02-25 11:29:13'),(4920,41,'0',299,'2019-02-25 11:29:13'),(4921,41,'0',295,'2019-02-25 11:29:13'),(4922,41,'0',292,'2019-02-25 11:29:13'),(4923,41,'0',296,'2019-02-25 11:29:13'),(4924,41,'0',300,'2019-02-25 11:29:13'),(4925,41,'0',299,'2019-02-25 11:29:13'),(4926,41,'0',295,'2019-02-25 11:29:13'),(4927,41,'0',292,'2019-02-25 11:29:13'),(4928,41,'0',300,'2019-02-25 11:29:13'),(4929,41,'0',296,'2019-02-25 11:29:39'),(4930,41,'0',299,'2019-02-25 11:29:39'),(4931,41,'0',296,'2019-02-25 11:29:39'),(4932,41,'0',295,'2019-02-25 11:29:39'),(4933,41,'0',299,'2019-02-25 11:29:39'),(4934,41,'0',292,'2019-02-25 11:29:39'),(4935,41,'0',295,'2019-02-25 11:29:39'),(4936,41,'0',300,'2019-02-25 11:29:39'),(4937,41,'0',292,'2019-02-25 11:29:39'),(4938,41,'0',300,'2019-02-25 11:29:39'),(4939,41,'0',296,'2019-02-25 11:29:48'),(4940,41,'0',299,'2019-02-25 11:29:48'),(4941,41,'0',295,'2019-02-25 11:29:48'),(4942,41,'0',292,'2019-02-25 11:29:48'),(4943,41,'0',300,'2019-02-25 11:29:48'),(4944,41,'0',296,'2019-02-25 11:29:48'),(4945,41,'0',299,'2019-02-25 11:29:48'),(4946,41,'0',295,'2019-02-25 11:29:48'),(4947,41,'0',292,'2019-02-25 11:29:48'),(4948,41,'0',300,'2019-02-25 11:29:48'),(4949,41,'0',229,'2019-02-25 11:30:07'),(4950,41,'0',230,'2019-02-25 11:30:07'),(4951,41,'0',227,'2019-02-25 11:30:07'),(4952,41,'0',296,'2019-02-25 11:30:19'),(4953,41,'0',299,'2019-02-25 11:30:19'),(4954,41,'0',295,'2019-02-25 11:30:19'),(4955,41,'0',292,'2019-02-25 11:30:19'),(4956,41,'0',300,'2019-02-25 11:30:19'),(4957,41,'0',296,'2019-02-25 11:30:19'),(4958,41,'0',299,'2019-02-25 11:30:19'),(4959,41,'0',295,'2019-02-25 11:30:19'),(4960,41,'0',292,'2019-02-25 11:30:19'),(4961,41,'0',300,'2019-02-25 11:30:19'),(4962,41,'0',296,'2019-02-25 11:30:37'),(4963,41,'0',299,'2019-02-25 11:30:37'),(4964,41,'0',295,'2019-02-25 11:30:37'),(4965,41,'0',292,'2019-02-25 11:30:37'),(4966,41,'0',300,'2019-02-25 11:30:37'),(4967,41,'0',229,'2019-02-25 11:30:43'),(4968,41,'0',230,'2019-02-25 11:30:43'),(4969,41,'0',227,'2019-02-25 11:30:43'),(4970,41,'0',296,'2019-02-25 11:30:50'),(4971,41,'0',299,'2019-02-25 11:30:50'),(4972,41,'0',295,'2019-02-25 11:30:50'),(4973,41,'0',292,'2019-02-25 11:30:50'),(4974,41,'0',300,'2019-02-25 11:30:50'),(4975,41,'0',229,'2019-02-25 11:31:42'),(4976,41,'0',230,'2019-02-25 11:31:42'),(4977,41,'0',227,'2019-02-25 11:31:42'),(4978,41,'0',229,'2019-02-25 11:31:44'),(4979,41,'0',230,'2019-02-25 11:31:44'),(4980,41,'0',227,'2019-02-25 11:31:44'),(4981,41,'0',229,'2019-02-25 11:31:46'),(4982,41,'0',230,'2019-02-25 11:31:46'),(4983,41,'0',227,'2019-02-25 11:31:46'),(4984,41,'0',296,'2019-02-25 11:31:50'),(4985,41,'0',296,'2019-02-25 11:31:50'),(4986,41,'0',299,'2019-02-25 11:31:50'),(4987,41,'0',299,'2019-02-25 11:31:50'),(4988,41,'0',295,'2019-02-25 11:31:50'),(4989,41,'0',295,'2019-02-25 11:31:50'),(4990,41,'0',292,'2019-02-25 11:31:50'),(4991,41,'0',292,'2019-02-25 11:31:50'),(4992,41,'0',300,'2019-02-25 11:31:50'),(4993,41,'0',300,'2019-02-25 11:31:50'),(4994,41,'0',301,'2019-02-25 11:31:57'),(4995,41,'0',303,'2019-02-25 11:31:57'),(4996,41,'0',301,'2019-02-25 11:31:57'),(4997,41,'0',257,'2019-02-25 11:31:57'),(4998,41,'0',303,'2019-02-25 11:31:57'),(4999,41,'0',257,'2019-02-25 11:31:57'),(5000,41,'0',308,'2019-02-25 11:31:57'),(5002,41,'0',308,'2019-02-25 11:31:57'),(5004,41,'0',229,'2019-02-25 11:32:02'),(5005,41,'0',230,'2019-02-25 11:32:02'),(5006,41,'0',227,'2019-02-25 11:32:02'),(5007,41,'0',296,'2019-02-25 11:32:25'),(5008,41,'0',299,'2019-02-25 11:32:25'),(5009,41,'0',295,'2019-02-25 11:32:25'),(5010,41,'0',292,'2019-02-25 11:32:25'),(5011,41,'0',296,'2019-02-25 11:32:25'),(5012,41,'0',300,'2019-02-25 11:32:25'),(5013,41,'0',299,'2019-02-25 11:32:25'),(5014,41,'0',295,'2019-02-25 11:32:25'),(5015,41,'0',292,'2019-02-25 11:32:25'),(5016,41,'0',300,'2019-02-25 11:32:25'),(5017,41,'0',175,'2019-02-25 11:32:28'),(5018,41,'0',296,'2019-02-25 11:32:44'),(5019,41,'0',299,'2019-02-25 11:32:44'),(5020,41,'0',295,'2019-02-25 11:32:44'),(5021,41,'0',292,'2019-02-25 11:32:44'),(5022,41,'0',300,'2019-02-25 11:32:44'),(5023,41,'0',289,'2019-02-25 11:32:48'),(5024,41,'0',284,'2019-02-25 11:32:48'),(5025,41,'0',265,'2019-02-25 11:32:48'),(5026,41,'0',258,'2019-02-25 11:32:48'),(5027,41,'0',310,'2019-02-25 11:32:48'),(5028,41,'0',289,'2019-02-25 11:32:49'),(5029,41,'0',284,'2019-02-25 11:32:49'),(5030,41,'0',265,'2019-02-25 11:32:49'),(5031,41,'0',258,'2019-02-25 11:32:49'),(5032,41,'0',310,'2019-02-25 11:32:49'),(5033,41,'0',296,'2019-02-25 11:33:15'),(5034,41,'0',299,'2019-02-25 11:33:15'),(5035,41,'0',296,'2019-02-25 11:33:15'),(5036,41,'0',295,'2019-02-25 11:33:15'),(5037,41,'0',292,'2019-02-25 11:33:15'),(5038,41,'0',299,'2019-02-25 11:33:15'),(5039,41,'0',295,'2019-02-25 11:33:15'),(5040,41,'0',300,'2019-02-25 11:33:15'),(5041,41,'0',292,'2019-02-25 11:33:15'),(5042,41,'0',300,'2019-02-25 11:33:15'),(5043,41,'0',296,'2019-02-25 11:33:54'),(5044,41,'0',299,'2019-02-25 11:33:54'),(5045,41,'0',295,'2019-02-25 11:33:54'),(5046,41,'0',292,'2019-02-25 11:33:54'),(5047,41,'0',300,'2019-02-25 11:33:54'),(5048,41,'0',296,'2019-02-25 11:33:55'),(5049,41,'0',299,'2019-02-25 11:33:55'),(5050,41,'0',295,'2019-02-25 11:33:55'),(5051,41,'0',292,'2019-02-25 11:33:55'),(5052,41,'0',300,'2019-02-25 11:33:55'),(5053,41,'0',289,'2019-02-25 11:33:55'),(5054,41,'0',284,'2019-02-25 11:33:55'),(5055,41,'0',265,'2019-02-25 11:33:55'),(5056,41,'0',258,'2019-02-25 11:33:55'),(5057,41,'0',310,'2019-02-25 11:33:55'),(5058,41,'0',296,'2019-02-25 11:33:56'),(5059,41,'0',299,'2019-02-25 11:33:56'),(5060,41,'0',295,'2019-02-25 11:33:56'),(5061,41,'0',292,'2019-02-25 11:33:56'),(5062,41,'0',300,'2019-02-25 11:33:56'),(5063,41,'0',289,'2019-02-25 11:33:56'),(5064,41,'0',284,'2019-02-25 11:33:56'),(5065,41,'0',265,'2019-02-25 11:33:56'),(5066,41,'0',258,'2019-02-25 11:33:57'),(5067,41,'0',310,'2019-02-25 11:33:57'),(5068,41,'0',302,'2019-02-25 11:33:57'),(5069,41,'0',301,'2019-02-25 11:33:57'),(5070,41,'0',303,'2019-02-25 11:33:57'),(5071,41,'0',257,'2019-02-25 11:33:57'),(5072,41,'0',308,'2019-02-25 11:33:57'),(5073,41,'0',296,'2019-02-25 11:33:58'),(5074,41,'0',299,'2019-02-25 11:33:58'),(5075,41,'0',295,'2019-02-25 11:33:58'),(5076,41,'0',292,'2019-02-25 11:33:58'),(5077,41,'0',300,'2019-02-25 11:33:58'),(5078,41,'0',289,'2019-02-25 11:33:58'),(5079,41,'0',284,'2019-02-25 11:33:58'),(5080,41,'0',265,'2019-02-25 11:33:58'),(5081,41,'0',258,'2019-02-25 11:33:58'),(5082,41,'0',310,'2019-02-25 11:33:58'),(5083,41,'0',302,'2019-02-25 11:33:58'),(5084,41,'0',301,'2019-02-25 11:33:58'),(5085,41,'0',303,'2019-02-25 11:33:58'),(5086,41,'0',257,'2019-02-25 11:33:58'),(5087,41,'0',308,'2019-02-25 11:33:58'),(5089,41,'0',255,'2019-02-25 11:33:58'),(5090,41,'0',296,'2019-02-25 11:34:07'),(5091,41,'0',296,'2019-02-25 11:34:07'),(5092,41,'0',299,'2019-02-25 11:34:07'),(5093,41,'0',299,'2019-02-25 11:34:07'),(5094,41,'0',295,'2019-02-25 11:34:07'),(5095,41,'0',295,'2019-02-25 11:34:07'),(5096,41,'0',292,'2019-02-25 11:34:07'),(5097,41,'0',292,'2019-02-25 11:34:07'),(5098,41,'0',300,'2019-02-25 11:34:07'),(5099,41,'0',300,'2019-02-25 11:34:07'),(5100,41,'0',296,'2019-02-25 11:34:35'),(5101,41,'0',299,'2019-02-25 11:34:35'),(5102,41,'0',295,'2019-02-25 11:34:35'),(5103,41,'0',292,'2019-02-25 11:34:35'),(5104,41,'0',300,'2019-02-25 11:34:35'),(5105,41,'0',289,'2019-02-25 11:34:38'),(5106,41,'0',289,'2019-02-25 11:34:38'),(5107,41,'0',284,'2019-02-25 11:34:38'),(5108,41,'0',284,'2019-02-25 11:34:38'),(5109,41,'0',265,'2019-02-25 11:34:38'),(5110,41,'0',265,'2019-02-25 11:34:38'),(5111,41,'0',258,'2019-02-25 11:34:38'),(5112,41,'0',258,'2019-02-25 11:34:38'),(5113,41,'0',310,'2019-02-25 11:34:38'),(5114,41,'0',310,'2019-02-25 11:34:38'),(5115,41,'0',175,'2019-02-25 11:34:42'),(5116,41,'0',296,'2019-02-25 11:34:42'),(5117,41,'0',299,'2019-02-25 11:34:42'),(5118,41,'0',295,'2019-02-25 11:34:42'),(5119,41,'0',292,'2019-02-25 11:34:42'),(5120,41,'0',300,'2019-02-25 11:34:42'),(5121,41,'0',296,'2019-02-25 11:36:03'),(5122,41,'0',299,'2019-02-25 11:36:03'),(5123,41,'0',295,'2019-02-25 11:36:03'),(5124,41,'0',292,'2019-02-25 11:36:03'),(5125,41,'0',300,'2019-02-25 11:36:03'),(5126,41,'0',296,'2019-02-25 11:36:03'),(5127,41,'0',299,'2019-02-25 11:36:03'),(5128,41,'0',295,'2019-02-25 11:36:03'),(5129,41,'0',292,'2019-02-25 11:36:03'),(5130,41,'0',300,'2019-02-25 11:36:03'),(5131,41,'0',302,'2019-02-25 11:36:08'),(5132,41,'0',301,'2019-02-25 11:36:08'),(5133,41,'0',302,'2019-02-25 11:36:08'),(5134,41,'0',303,'2019-02-25 11:36:08'),(5135,41,'0',301,'2019-02-25 11:36:08'),(5136,41,'0',257,'2019-02-25 11:36:08'),(5137,41,'0',303,'2019-02-25 11:36:08'),(5138,41,'0',308,'2019-02-25 11:36:08'),(5139,41,'0',257,'2019-02-25 11:36:08'),(5140,41,'0',308,'2019-02-25 11:36:08'),(5141,41,'0',296,'2019-02-25 11:36:17'),(5142,41,'0',296,'2019-02-25 11:36:17'),(5143,41,'0',299,'2019-02-25 11:36:17'),(5144,41,'0',299,'2019-02-25 11:36:17'),(5145,41,'0',295,'2019-02-25 11:36:17'),(5146,41,'0',295,'2019-02-25 11:36:17'),(5147,41,'0',292,'2019-02-25 11:36:17'),(5148,41,'0',292,'2019-02-25 11:36:17'),(5149,41,'0',300,'2019-02-25 11:36:17'),(5150,41,'0',300,'2019-02-25 11:36:17'),(5151,41,'0',296,'2019-02-25 11:48:33'),(5152,41,'0',299,'2019-02-25 11:48:33'),(5153,41,'0',295,'2019-02-25 11:48:33'),(5154,41,'0',292,'2019-02-25 11:48:33'),(5155,41,'0',300,'2019-02-25 11:48:33'),(5156,41,'0',296,'2019-02-25 11:48:33'),(5157,41,'0',299,'2019-02-25 11:48:33'),(5158,41,'0',295,'2019-02-25 11:48:33'),(5159,41,'0',292,'2019-02-25 11:48:33'),(5160,41,'0',300,'2019-02-25 11:48:33'),(5171,41,'0',311,'2019-02-25 12:01:53'),(5172,41,'0',311,'2019-02-25 12:01:53'),(5173,41,'0',296,'2019-02-25 12:01:53'),(5174,41,'0',296,'2019-02-25 12:01:53'),(5175,41,'0',299,'2019-02-25 12:01:53'),(5176,41,'0',299,'2019-02-25 12:01:53'),(5177,41,'0',295,'2019-02-25 12:01:53'),(5178,41,'0',295,'2019-02-25 12:01:53'),(5179,41,'0',292,'2019-02-25 12:01:53'),(5180,41,'0',292,'2019-02-25 12:01:53'),(5181,41,'0',229,'2019-02-25 12:01:55'),(5182,41,'0',230,'2019-02-25 12:01:55'),(5183,41,'0',227,'2019-02-25 12:01:55'),(5184,41,'0',229,'2019-02-25 12:01:59'),(5185,41,'0',230,'2019-02-25 12:01:59'),(5186,41,'0',227,'2019-02-25 12:01:59'),(5187,41,'0',229,'2019-02-25 12:02:00'),(5188,41,'0',230,'2019-02-25 12:02:00'),(5189,41,'0',227,'2019-02-25 12:02:00'),(5190,41,'0',311,'2019-02-25 12:02:02'),(5191,41,'0',296,'2019-02-25 12:02:02'),(5192,41,'0',299,'2019-02-25 12:02:02'),(5193,41,'0',295,'2019-02-25 12:02:02'),(5194,41,'0',292,'2019-02-25 12:02:02'),(5195,41,'0',311,'2019-02-25 12:02:02'),(5196,41,'0',296,'2019-02-25 12:02:02'),(5197,41,'0',299,'2019-02-25 12:02:02'),(5198,41,'0',295,'2019-02-25 12:02:02'),(5199,41,'0',292,'2019-02-25 12:02:02'),(5200,41,'0',311,'2019-02-25 13:29:17'),(5201,41,'0',311,'2019-02-25 13:29:17'),(6450,20,'0',265,'2019-02-25 17:28:21'),(5620,41,'0',292,'2019-02-25 14:23:34'),(5204,41,'0',296,'2019-02-25 13:29:18'),(5205,41,'0',296,'2019-02-25 13:29:18'),(5206,41,'0',299,'2019-02-25 13:29:18'),(5207,41,'0',299,'2019-02-25 13:29:18'),(5208,41,'0',295,'2019-02-25 13:29:18'),(5209,41,'0',295,'2019-02-25 13:29:18'),(5210,41,'0',311,'2019-02-25 13:29:26'),(5619,41,'0',295,'2019-02-25 14:23:34'),(5212,41,'0',296,'2019-02-25 13:29:26'),(5213,41,'0',299,'2019-02-25 13:29:26'),(5214,41,'0',295,'2019-02-25 13:29:26'),(5215,41,'0',311,'2019-02-25 13:29:27'),(5618,41,'0',299,'2019-02-25 14:23:34'),(5217,41,'0',296,'2019-02-25 13:29:27'),(5218,41,'0',299,'2019-02-25 13:29:27'),(5219,41,'0',295,'2019-02-25 13:29:27'),(5220,41,'0',292,'2019-02-25 13:29:27'),(5221,41,'0',300,'2019-02-25 13:29:27'),(5222,41,'0',289,'2019-02-25 13:29:27'),(5223,41,'0',284,'2019-02-25 13:29:27'),(5224,41,'0',265,'2019-02-25 13:29:27'),(5225,41,'0',311,'2019-02-25 13:29:28'),(5617,41,'0',296,'2019-02-25 14:23:34'),(5227,41,'0',296,'2019-02-25 13:29:28'),(5228,41,'0',299,'2019-02-25 13:29:28'),(5229,41,'0',295,'2019-02-25 13:29:28'),(5230,41,'0',292,'2019-02-25 13:29:28'),(5231,41,'0',300,'2019-02-25 13:29:28'),(5232,41,'0',289,'2019-02-25 13:29:28'),(5233,41,'0',284,'2019-02-25 13:29:28'),(5234,41,'0',265,'2019-02-25 13:29:28'),(5235,41,'0',258,'2019-02-25 13:29:28'),(5236,41,'0',310,'2019-02-25 13:29:28'),(5237,41,'0',302,'2019-02-25 13:29:28'),(5238,41,'0',301,'2019-02-25 13:29:28'),(5239,41,'0',303,'2019-02-25 13:29:28'),(5240,41,'0',311,'2019-02-25 13:29:29'),(5616,41,'0',319,'2019-02-25 14:23:34'),(5242,41,'0',296,'2019-02-25 13:29:29'),(5243,41,'0',299,'2019-02-25 13:29:29'),(5244,41,'0',295,'2019-02-25 13:29:29'),(5245,41,'0',292,'2019-02-25 13:29:29'),(5246,41,'0',300,'2019-02-25 13:29:29'),(5247,41,'0',289,'2019-02-25 13:29:29'),(5248,41,'0',284,'2019-02-25 13:29:29'),(5249,41,'0',265,'2019-02-25 13:29:29'),(5250,41,'0',258,'2019-02-25 13:29:29'),(5251,41,'0',310,'2019-02-25 13:29:29'),(5252,41,'0',302,'2019-02-25 13:29:29'),(5253,41,'0',301,'2019-02-25 13:29:29'),(5254,41,'0',303,'2019-02-25 13:29:29'),(5255,41,'0',313,'2019-02-25 13:29:29'),(5256,41,'0',312,'2019-02-25 13:29:29'),(5257,41,'0',257,'2019-02-25 13:29:29'),(5258,41,'0',308,'2019-02-25 13:29:29'),(5260,41,'0',311,'2019-02-25 13:29:30'),(5615,41,'0',292,'2019-02-25 14:23:34'),(5262,41,'0',296,'2019-02-25 13:29:30'),(5263,41,'0',299,'2019-02-25 13:29:30'),(5264,41,'0',295,'2019-02-25 13:29:30'),(5265,41,'0',292,'2019-02-25 13:29:30'),(5266,41,'0',300,'2019-02-25 13:29:30'),(5267,41,'0',289,'2019-02-25 13:29:30'),(5268,41,'0',284,'2019-02-25 13:29:30'),(5269,41,'0',265,'2019-02-25 13:29:30'),(5270,41,'0',258,'2019-02-25 13:29:30'),(5271,41,'0',310,'2019-02-25 13:29:30'),(5272,41,'0',302,'2019-02-25 13:29:30'),(5273,41,'0',301,'2019-02-25 13:29:30'),(5274,41,'0',303,'2019-02-25 13:29:30'),(5275,41,'0',313,'2019-02-25 13:29:30'),(5276,41,'0',312,'2019-02-25 13:29:30'),(5277,41,'0',257,'2019-02-25 13:29:30'),(5278,41,'0',308,'2019-02-25 13:29:30'),(5280,41,'0',255,'2019-02-25 13:29:30'),(5281,41,'0',311,'2019-02-25 13:29:33'),(5614,41,'0',295,'2019-02-25 14:23:34'),(5283,41,'0',296,'2019-02-25 13:29:33'),(5284,41,'0',299,'2019-02-25 13:29:33'),(5285,41,'0',295,'2019-02-25 13:29:33'),(5286,41,'0',311,'2019-02-25 13:29:34'),(5613,41,'0',299,'2019-02-25 14:23:34'),(5288,41,'0',296,'2019-02-25 13:29:34'),(5289,41,'0',299,'2019-02-25 13:29:34'),(5290,41,'0',295,'2019-02-25 13:29:34'),(5291,41,'0',292,'2019-02-25 13:29:34'),(5292,41,'0',300,'2019-02-25 13:29:34'),(5293,41,'0',289,'2019-02-25 13:29:34'),(5294,41,'0',284,'2019-02-25 13:29:34'),(5295,41,'0',265,'2019-02-25 13:29:34'),(5296,41,'0',311,'2019-02-25 13:29:35'),(5612,41,'0',296,'2019-02-25 14:23:34'),(5298,41,'0',296,'2019-02-25 13:29:35'),(5299,41,'0',299,'2019-02-25 13:29:35'),(5300,41,'0',295,'2019-02-25 13:29:35'),(5301,41,'0',292,'2019-02-25 13:29:35'),(5302,41,'0',300,'2019-02-25 13:29:35'),(5303,41,'0',289,'2019-02-25 13:29:35'),(5304,41,'0',284,'2019-02-25 13:29:35'),(5305,41,'0',265,'2019-02-25 13:29:35'),(5306,41,'0',258,'2019-02-25 13:29:35'),(5307,41,'0',310,'2019-02-25 13:29:35'),(5308,41,'0',302,'2019-02-25 13:29:35'),(5309,41,'0',301,'2019-02-25 13:29:35'),(5310,41,'0',303,'2019-02-25 13:29:35'),(5311,41,'0',311,'2019-02-25 13:29:36'),(5611,41,'0',319,'2019-02-25 14:23:34'),(5313,41,'0',296,'2019-02-25 13:29:36'),(5314,41,'0',299,'2019-02-25 13:29:36'),(5315,41,'0',295,'2019-02-25 13:29:36'),(5316,41,'0',292,'2019-02-25 13:29:36'),(5317,41,'0',300,'2019-02-25 13:29:36'),(5318,41,'0',289,'2019-02-25 13:29:36'),(5319,41,'0',284,'2019-02-25 13:29:36'),(5320,41,'0',265,'2019-02-25 13:29:36'),(5321,41,'0',258,'2019-02-25 13:29:36'),(5322,41,'0',310,'2019-02-25 13:29:36'),(5323,41,'0',302,'2019-02-25 13:29:36'),(5324,41,'0',301,'2019-02-25 13:29:36'),(5325,41,'0',303,'2019-02-25 13:29:36'),(5326,41,'0',313,'2019-02-25 13:29:36'),(5327,41,'0',312,'2019-02-25 13:29:36'),(5328,41,'0',257,'2019-02-25 13:29:36'),(5329,41,'0',308,'2019-02-25 13:29:36'),(5331,41,'0',311,'2019-02-25 13:29:37'),(5333,41,'0',296,'2019-02-25 13:29:37'),(5334,41,'0',299,'2019-02-25 13:29:37'),(5335,41,'0',295,'2019-02-25 13:29:37'),(5336,41,'0',292,'2019-02-25 13:29:37'),(5337,41,'0',300,'2019-02-25 13:29:37'),(5338,41,'0',289,'2019-02-25 13:29:37'),(5339,41,'0',284,'2019-02-25 13:29:37'),(5340,41,'0',265,'2019-02-25 13:29:37'),(5341,41,'0',258,'2019-02-25 13:29:37'),(5342,41,'0',310,'2019-02-25 13:29:37'),(5343,41,'0',302,'2019-02-25 13:29:37'),(5344,41,'0',301,'2019-02-25 13:29:37'),(5345,41,'0',303,'2019-02-25 13:29:37'),(5346,41,'0',313,'2019-02-25 13:29:37'),(5347,41,'0',312,'2019-02-25 13:29:37'),(5348,41,'0',257,'2019-02-25 13:29:37'),(5349,41,'0',308,'2019-02-25 13:29:37'),(5351,41,'0',255,'2019-02-25 13:29:37'),(5352,41,'0',311,'2019-02-25 13:29:45'),(6366,20,'0',292,'2019-02-25 16:51:50'),(5354,41,'0',296,'2019-02-25 13:29:46'),(5355,41,'0',299,'2019-02-25 13:29:46'),(5356,41,'0',295,'2019-02-25 13:29:46'),(6148,41,'0',319,'2019-02-25 14:47:31'),(5358,41,'0',311,'2019-02-25 13:29:56'),(5608,41,'0',320,'2019-02-25 14:23:23'),(5360,41,'0',296,'2019-02-25 13:29:56'),(5361,41,'0',299,'2019-02-25 13:29:56'),(5362,41,'0',295,'2019-02-25 13:29:56'),(5363,41,'0',311,'2019-02-25 13:30:13'),(5607,41,'0',311,'2019-02-25 14:23:23'),(5365,41,'0',296,'2019-02-25 13:30:13'),(5366,41,'0',299,'2019-02-25 13:30:13'),(5367,41,'0',295,'2019-02-25 13:30:13'),(5368,41,'0',311,'2019-02-25 13:30:16'),(6449,20,'0',284,'2019-02-25 17:28:21'),(5370,41,'0',296,'2019-02-25 13:30:16'),(5371,41,'0',299,'2019-02-25 13:30:16'),(5372,41,'0',295,'2019-02-25 13:30:16'),(5373,41,'0',311,'2019-02-25 13:30:21'),(6365,20,'0',295,'2019-02-25 16:51:50'),(5375,41,'0',296,'2019-02-25 13:30:21'),(5376,41,'0',299,'2019-02-25 13:30:21'),(5377,41,'0',295,'2019-02-25 13:30:21'),(5378,41,'0',311,'2019-02-25 13:30:21'),(5380,41,'0',296,'2019-02-25 13:30:21'),(5381,41,'0',299,'2019-02-25 13:30:21'),(5382,41,'0',295,'2019-02-25 13:30:21'),(5383,41,'0',311,'2019-02-25 13:30:27'),(6364,20,'0',299,'2019-02-25 16:51:50'),(5385,41,'0',311,'2019-02-25 13:30:27'),(5386,41,'0',296,'2019-02-25 13:30:27'),(5602,41,'0',320,'2019-02-25 14:23:18'),(5388,41,'0',299,'2019-02-25 13:30:27'),(5389,41,'0',296,'2019-02-25 13:30:27'),(5390,41,'0',295,'2019-02-25 13:30:27'),(5391,41,'0',299,'2019-02-25 13:30:27'),(5392,41,'0',295,'2019-02-25 13:30:27'),(5393,41,'0',258,'2019-02-25 13:30:33'),(5394,41,'0',258,'2019-02-25 13:30:33'),(5395,41,'0',310,'2019-02-25 13:30:33'),(5396,41,'0',310,'2019-02-25 13:30:33'),(5397,41,'0',302,'2019-02-25 13:30:33'),(5398,41,'0',302,'2019-02-25 13:30:33'),(5399,41,'0',301,'2019-02-25 13:30:33'),(5400,41,'0',301,'2019-02-25 13:30:33'),(5401,41,'0',303,'2019-02-25 13:30:33'),(5402,41,'0',303,'2019-02-25 13:30:33'),(6146,41,'0',319,'2019-02-25 14:47:31'),(5404,41,'0',311,'2019-02-25 13:30:46'),(5601,41,'0',311,'2019-02-25 14:23:18'),(5406,41,'0',296,'2019-02-25 13:30:46'),(5407,41,'0',299,'2019-02-25 13:30:46'),(5408,41,'0',295,'2019-02-25 13:30:46'),(5409,41,'0',311,'2019-02-25 13:32:02'),(6448,20,'0',296,'2019-02-25 17:28:21'),(5411,41,'0',296,'2019-02-25 13:32:02'),(5412,41,'0',299,'2019-02-25 13:32:02'),(5413,41,'0',295,'2019-02-25 13:32:02'),(5414,41,'0',311,'2019-02-25 13:32:02'),(6447,20,'0',319,'2019-02-25 17:28:21'),(5416,41,'0',296,'2019-02-25 13:32:02'),(5417,41,'0',299,'2019-02-25 13:32:03'),(5418,41,'0',295,'2019-02-25 13:32:03'),(5419,41,'0',311,'2019-02-25 13:32:05'),(6363,20,'0',296,'2019-02-25 16:51:50'),(5421,41,'0',296,'2019-02-25 13:32:05'),(5422,41,'0',299,'2019-02-25 13:32:05'),(5423,41,'0',295,'2019-02-25 13:32:05'),(5424,41,'0',311,'2019-02-25 13:32:11'),(5597,41,'0',320,'2019-02-25 14:23:14'),(5426,41,'0',296,'2019-02-25 13:32:11'),(5427,41,'0',299,'2019-02-25 13:32:11'),(5428,41,'0',295,'2019-02-25 13:32:11'),(5429,41,'0',292,'2019-02-25 13:32:17'),(5430,41,'0',300,'2019-02-25 13:32:17'),(5431,41,'0',289,'2019-02-25 13:32:17'),(5432,41,'0',284,'2019-02-25 13:32:17'),(5433,41,'0',265,'2019-02-25 13:32:17'),(5434,41,'0',292,'2019-02-25 13:32:17'),(5435,41,'0',300,'2019-02-25 13:32:17'),(5436,41,'0',289,'2019-02-25 13:32:17'),(5437,41,'0',284,'2019-02-25 13:32:17'),(5438,41,'0',265,'2019-02-25 13:32:17'),(5439,41,'0',311,'2019-02-25 13:33:00'),(5440,41,'0',311,'2019-02-25 13:33:00'),(5596,41,'0',311,'2019-02-25 14:23:14'),(6446,20,'0',320,'2019-02-25 17:28:21'),(5443,41,'0',296,'2019-02-25 13:33:00'),(5444,41,'0',296,'2019-02-25 13:33:00'),(5445,41,'0',299,'2019-02-25 13:33:00'),(5446,41,'0',299,'2019-02-25 13:33:00'),(5447,41,'0',295,'2019-02-25 13:33:00'),(5448,41,'0',295,'2019-02-25 13:33:00'),(5449,41,'0',311,'2019-02-25 13:33:06'),(5451,41,'0',296,'2019-02-25 13:33:06'),(5452,41,'0',299,'2019-02-25 13:33:06'),(5453,41,'0',295,'2019-02-25 13:33:06'),(5454,41,'0',311,'2019-02-25 13:34:26'),(5455,41,'0',319,'2019-02-25 13:34:26'),(6362,20,'0',319,'2019-02-25 16:51:50'),(5457,41,'0',296,'2019-02-25 13:34:26'),(5458,41,'0',299,'2019-02-25 13:34:26'),(5459,41,'0',311,'2019-02-25 13:34:26'),(5460,41,'0',319,'2019-02-25 13:34:26'),(5592,41,'0',320,'2019-02-25 14:23:14'),(5462,41,'0',296,'2019-02-25 13:34:26'),(5463,41,'0',299,'2019-02-25 13:34:26'),(5464,41,'0',311,'2019-02-25 13:34:30'),(5465,41,'0',319,'2019-02-25 13:34:30'),(5591,41,'0',311,'2019-02-25 14:23:14'),(5467,41,'0',296,'2019-02-25 13:34:30'),(5468,41,'0',299,'2019-02-25 13:34:30'),(5469,41,'0',311,'2019-02-25 13:34:40'),(5470,41,'0',319,'2019-02-25 13:34:40'),(6445,20,'0',311,'2019-02-25 17:28:21'),(5472,41,'0',296,'2019-02-25 13:34:40'),(5473,41,'0',299,'2019-02-25 13:34:40'),(5474,41,'0',311,'2019-02-25 13:42:15'),(5475,41,'0',319,'2019-02-25 13:42:15'),(5589,41,'0',296,'2019-02-25 14:20:27'),(5477,41,'0',296,'2019-02-25 13:42:15'),(5478,41,'0',299,'2019-02-25 13:42:15'),(5479,41,'0',295,'2019-02-25 13:42:17'),(5480,41,'0',292,'2019-02-25 13:42:17'),(5481,41,'0',295,'2019-02-25 13:42:17'),(5482,41,'0',300,'2019-02-25 13:42:17'),(5483,41,'0',292,'2019-02-25 13:42:17'),(5484,41,'0',289,'2019-02-25 13:42:17'),(5485,41,'0',300,'2019-02-25 13:42:17'),(5486,41,'0',284,'2019-02-25 13:42:17'),(5487,41,'0',289,'2019-02-25 13:42:17'),(5488,41,'0',284,'2019-02-25 13:42:17'),(5489,41,'0',311,'2019-02-25 13:42:20'),(5490,41,'0',319,'2019-02-25 13:42:20'),(5588,41,'0',319,'2019-02-25 14:20:27'),(5492,41,'0',296,'2019-02-25 13:42:20'),(5493,41,'0',299,'2019-02-25 13:42:20'),(5494,41,'0',295,'2019-02-25 13:42:29'),(5495,41,'0',292,'2019-02-25 13:42:29'),(5496,41,'0',300,'2019-02-25 13:42:29'),(5497,41,'0',295,'2019-02-25 13:42:29'),(5498,41,'0',289,'2019-02-25 13:42:29'),(5499,41,'0',292,'2019-02-25 13:42:29'),(5500,41,'0',284,'2019-02-25 13:42:29'),(5501,41,'0',300,'2019-02-25 13:42:29'),(5502,41,'0',289,'2019-02-25 13:42:29'),(5503,41,'0',284,'2019-02-25 13:42:29'),(5504,41,'0',311,'2019-02-25 13:42:42'),(5505,41,'0',319,'2019-02-25 13:42:42'),(6361,20,'0',320,'2019-02-25 16:51:50'),(5507,41,'0',296,'2019-02-25 13:42:42'),(5508,41,'0',299,'2019-02-25 13:42:42'),(5509,41,'0',311,'2019-02-25 13:49:22'),(5510,41,'0',320,'2019-02-25 13:49:22'),(5511,41,'0',319,'2019-02-25 13:49:22'),(5586,41,'0',296,'2019-02-25 14:20:27'),(5513,41,'0',296,'2019-02-25 13:49:22'),(5514,41,'0',299,'2019-02-25 13:49:23'),(5515,41,'0',295,'2019-02-25 13:49:23'),(5516,41,'0',292,'2019-02-25 13:49:23'),(5517,41,'0',299,'2019-02-25 13:49:23'),(5518,41,'0',300,'2019-02-25 13:49:23'),(5519,41,'0',295,'2019-02-25 13:49:23'),(5520,41,'0',289,'2019-02-25 13:49:23'),(5521,41,'0',292,'2019-02-25 13:49:23'),(5522,41,'0',300,'2019-02-25 13:49:23'),(5523,41,'0',289,'2019-02-25 13:49:23'),(5524,41,'0',311,'2019-02-25 13:49:54'),(5525,41,'0',320,'2019-02-25 13:49:54'),(5526,41,'0',319,'2019-02-25 13:49:54'),(5585,41,'0',320,'2019-02-25 14:20:27'),(5528,41,'0',296,'2019-02-25 13:49:54'),(5529,41,'0',299,'2019-02-25 13:49:57'),(5530,41,'0',299,'2019-02-25 13:49:57'),(5531,41,'0',295,'2019-02-25 13:49:57'),(5532,41,'0',295,'2019-02-25 13:49:57'),(5533,41,'0',292,'2019-02-25 13:49:57'),(5534,41,'0',292,'2019-02-25 13:49:57'),(5535,41,'0',300,'2019-02-25 13:49:57'),(5536,41,'0',300,'2019-02-25 13:49:57'),(5537,41,'0',289,'2019-02-25 13:49:57'),(5538,41,'0',289,'2019-02-25 13:49:57'),(5539,41,'0',311,'2019-02-25 13:50:01'),(5540,41,'0',320,'2019-02-25 13:50:01'),(5541,41,'0',319,'2019-02-25 13:50:01'),(5584,41,'0',319,'2019-02-25 14:20:27'),(5543,41,'0',296,'2019-02-25 13:50:01'),(5544,41,'0',299,'2019-02-25 13:50:03'),(5545,41,'0',295,'2019-02-25 13:50:03'),(5546,41,'0',299,'2019-02-25 13:50:03'),(5547,41,'0',292,'2019-02-25 13:50:03'),(5548,41,'0',295,'2019-02-25 13:50:03'),(5549,41,'0',300,'2019-02-25 13:50:03'),(5550,41,'0',292,'2019-02-25 13:50:03'),(5551,41,'0',289,'2019-02-25 13:50:03'),(5552,41,'0',300,'2019-02-25 13:50:03'),(5553,41,'0',289,'2019-02-25 13:50:03'),(5554,41,'0',311,'2019-02-25 14:15:18'),(5555,41,'0',320,'2019-02-25 14:15:18'),(5556,41,'0',319,'2019-02-25 14:15:18'),(5583,41,'0',311,'2019-02-25 14:20:26'),(5558,41,'0',311,'2019-02-25 14:15:18'),(5559,41,'0',296,'2019-02-25 14:15:18'),(5560,41,'0',320,'2019-02-25 14:15:18'),(5561,41,'0',319,'2019-02-25 14:15:18'),(5563,41,'0',296,'2019-02-25 14:15:18'),(5564,41,'0',311,'2019-02-25 14:15:21'),(5565,41,'0',320,'2019-02-25 14:15:21'),(5566,41,'0',319,'2019-02-25 14:15:21'),(5581,41,'0',320,'2019-02-25 14:20:26'),(5568,41,'0',296,'2019-02-25 14:15:21'),(5569,41,'0',311,'2019-02-25 14:15:47'),(5570,41,'0',320,'2019-02-25 14:15:47'),(5571,41,'0',319,'2019-02-25 14:15:47'),(5580,41,'0',311,'2019-02-25 14:20:26'),(5573,41,'0',296,'2019-02-25 14:15:47'),(6145,41,'0',320,'2019-02-25 14:47:31'),(6360,20,'0',311,'2019-02-25 16:51:50'),(6143,41,'0',311,'2019-02-25 14:47:31'),(6142,41,'0',320,'2019-02-25 14:47:31'),(6444,20,'0',330,'2019-02-25 17:28:21'),(6140,41,'0',311,'2019-02-25 14:47:31'),(5622,41,'0',311,'2019-02-25 14:23:42'),(5623,41,'0',320,'2019-02-25 14:23:42'),(6359,20,'0',330,'2019-02-25 16:51:50'),(6443,20,'0',302,'2019-02-25 17:28:21'),(5627,41,'0',311,'2019-02-25 14:23:48'),(5628,41,'0',320,'2019-02-25 14:23:48'),(6357,20,'0',300,'2019-02-25 16:51:49'),(6430,20,'0',311,'2019-02-25 17:28:14'),(5633,41,'0',311,'2019-02-25 14:23:56'),(5634,41,'0',320,'2019-02-25 14:23:56'),(6356,20,'0',292,'2019-02-25 16:51:49'),(6355,20,'0',295,'2019-02-25 16:51:49'),(5638,41,'0',311,'2019-02-25 14:23:57'),(5639,41,'0',320,'2019-02-25 14:23:57'),(6354,20,'0',299,'2019-02-25 16:51:49'),(6442,20,'0',310,'2019-02-25 17:28:21'),(6353,20,'0',296,'2019-02-25 16:51:49'),(6441,20,'0',258,'2019-02-25 17:28:21'),(6352,20,'0',319,'2019-02-25 16:51:49'),(6440,20,'0',265,'2019-02-25 17:28:21'),(6351,20,'0',320,'2019-02-25 16:51:49'),(6439,20,'0',284,'2019-02-25 17:28:21'),(6350,20,'0',311,'2019-02-25 16:51:49'),(6438,20,'0',296,'2019-02-25 17:28:21'),(6349,20,'0',330,'2019-02-25 16:51:49'),(6437,20,'0',319,'2019-02-25 17:28:21'),(6429,20,'0',330,'2019-02-25 17:28:14'),(6436,20,'0',320,'2019-02-25 17:28:21'),(6435,20,'0',311,'2019-02-25 17:28:21'),(6347,20,'0',319,'2019-02-25 16:51:47'),(6346,20,'0',320,'2019-02-25 16:51:47'),(6434,20,'0',330,'2019-02-25 17:28:21'),(6345,20,'0',311,'2019-02-25 16:51:47'),(6433,20,'0',296,'2019-02-25 17:28:14'),(6344,20,'0',330,'2019-02-25 16:51:47'),(6432,20,'0',319,'2019-02-25 17:28:14'),(6428,20,'0',296,'2019-02-25 17:28:14'),(6431,20,'0',320,'2019-02-25 17:28:14'),(6342,20,'0',319,'2019-02-25 16:51:40'),(6421,20,'0',255,'2019-02-25 16:53:06'),(6341,20,'0',320,'2019-02-25 16:51:40'),(6340,20,'0',311,'2019-02-25 16:51:40'),(6419,20,'0',308,'2019-02-25 16:53:06'),(6339,20,'0',330,'2019-02-25 16:51:40'),(6418,20,'0',257,'2019-02-25 16:53:06'),(6427,20,'0',319,'2019-02-25 17:28:14'),(6417,20,'1',329,'2019-02-25 16:52:17'),(5799,41,'0',311,'2019-02-25 14:27:55'),(5800,41,'0',320,'2019-02-25 14:27:55'),(6337,20,'0',319,'2019-02-25 16:51:39'),(6416,20,'0',255,'2019-02-25 16:51:52'),(5805,41,'0',311,'2019-02-25 14:28:03'),(5806,41,'0',320,'2019-02-25 14:28:03'),(6336,20,'0',320,'2019-02-25 16:51:39'),(5810,41,'0',311,'2019-02-25 14:28:08'),(5811,41,'0',320,'2019-02-25 14:28:08'),(6335,20,'0',311,'2019-02-25 16:51:39'),(6334,20,'0',330,'2019-02-25 16:51:39'),(5815,41,'0',311,'2019-02-25 14:28:08'),(5816,41,'0',320,'2019-02-25 14:28:08'),(6426,20,'0',320,'2019-02-25 17:28:14'),(6414,20,'0',308,'2019-02-25 16:51:52'),(6332,20,'0',310,'2019-02-25 16:51:33'),(6413,20,'0',257,'2019-02-25 16:51:52'),(6331,20,'0',258,'2019-02-25 16:51:33'),(6412,20,'0',312,'2019-02-25 16:51:52'),(6330,20,'0',265,'2019-02-25 16:51:33'),(6411,20,'0',313,'2019-02-25 16:51:52'),(5883,41,'0',311,'2019-02-25 14:36:56'),(5884,41,'0',320,'2019-02-25 14:36:56'),(6410,20,'0',303,'2019-02-25 16:51:52'),(6329,20,'0',284,'2019-02-25 16:51:33'),(5887,41,'0',311,'2019-02-25 14:36:56'),(5888,41,'0',319,'2019-02-25 14:36:56'),(5889,41,'0',320,'2019-02-25 14:36:56'),(6328,20,'0',289,'2019-02-25 16:51:33'),(5891,41,'0',319,'2019-02-25 14:36:56'),(6409,20,'0',301,'2019-02-25 16:51:52'),(5893,41,'0',311,'2019-02-25 14:37:01'),(5894,41,'0',320,'2019-02-25 14:37:01'),(6408,20,'0',302,'2019-02-25 16:51:52'),(6327,20,'0',310,'2019-02-25 16:51:33'),(5897,41,'0',311,'2019-02-25 14:37:01'),(5898,41,'0',319,'2019-02-25 14:37:01'),(5899,41,'0',320,'2019-02-25 14:37:01'),(6326,20,'0',258,'2019-02-25 16:51:33'),(5901,41,'0',319,'2019-02-25 14:37:01'),(6407,20,'0',310,'2019-02-25 16:51:52'),(5903,41,'0',311,'2019-02-25 14:37:55'),(5904,41,'0',320,'2019-02-25 14:37:55'),(6325,20,'0',265,'2019-02-25 16:51:33'),(5907,41,'0',319,'2019-02-25 14:37:55'),(5908,41,'0',311,'2019-02-25 14:37:55'),(5909,41,'0',320,'2019-02-25 14:37:55'),(6324,20,'0',284,'2019-02-25 16:51:33'),(5911,41,'0',319,'2019-02-25 14:37:55'),(6406,20,'0',258,'2019-02-25 16:51:52'),(6323,20,'0',289,'2019-02-25 16:51:33'),(6405,20,'0',265,'2019-02-25 16:51:52'),(6322,20,'0',319,'2019-02-25 16:51:27'),(6404,20,'0',284,'2019-02-25 16:51:52'),(6321,20,'0',320,'2019-02-25 16:51:27'),(6403,20,'0',289,'2019-02-25 16:51:52'),(6320,20,'0',311,'2019-02-25 16:51:27'),(6402,20,'0',300,'2019-02-25 16:51:52'),(6319,20,'0',330,'2019-02-25 16:51:27'),(6401,20,'0',292,'2019-02-25 16:51:52'),(6425,20,'0',311,'2019-02-25 17:28:14'),(6400,20,'0',295,'2019-02-25 16:51:52'),(6317,20,'0',319,'2019-02-25 16:51:27'),(6399,20,'0',299,'2019-02-25 16:51:52'),(6316,20,'0',320,'2019-02-25 16:51:27'),(6398,20,'0',296,'2019-02-25 16:51:52'),(6315,20,'0',311,'2019-02-25 16:51:27'),(6397,20,'0',319,'2019-02-25 16:51:52'),(6314,20,'0',330,'2019-02-25 16:51:27'),(6396,20,'0',320,'2019-02-25 16:51:52'),(6424,20,'0',330,'2019-02-25 17:28:14'),(6395,20,'0',311,'2019-02-25 16:51:52'),(6312,20,'1',186,'2019-02-25 16:50:51'),(6394,20,'0',330,'2019-02-25 16:51:52'),(6311,41,'0',296,'2019-02-25 16:36:52'),(6423,20,'1',215,'2019-02-25 17:21:31'),(6310,41,'0',296,'2019-02-25 16:36:52'),(6392,20,'0',312,'2019-02-25 16:51:51'),(6309,41,'0',319,'2019-02-25 16:36:52'),(6391,20,'0',313,'2019-02-25 16:51:51'),(6308,41,'0',319,'2019-02-25 16:36:52'),(6390,20,'0',303,'2019-02-25 16:51:51'),(6307,41,'0',320,'2019-02-25 16:36:52'),(6389,20,'0',301,'2019-02-25 16:51:51'),(6306,41,'0',320,'2019-02-25 16:36:52'),(6388,20,'0',302,'2019-02-25 16:51:51'),(6305,41,'0',311,'2019-02-25 16:36:52'),(6387,20,'0',310,'2019-02-25 16:51:51'),(6304,41,'0',311,'2019-02-25 16:36:52'),(6386,20,'0',258,'2019-02-25 16:51:51'),(6303,41,'0',330,'2019-02-25 16:36:52'),(6385,20,'0',265,'2019-02-25 16:51:51'),(6076,41,'0',311,'2019-02-25 14:40:06'),(6384,20,'0',284,'2019-02-25 16:51:51'),(6078,41,'0',320,'2019-02-25 14:40:06'),(6079,41,'0',311,'2019-02-25 14:40:06'),(6302,41,'0',330,'2019-02-25 16:36:52'),(6081,41,'0',320,'2019-02-25 14:40:06'),(6082,41,'0',319,'2019-02-25 14:40:06'),(6301,20,'0',296,'2019-02-25 16:14:16'),(6084,41,'0',319,'2019-02-25 14:40:06'),(6383,20,'0',289,'2019-02-25 16:51:51'),(6382,20,'0',300,'2019-02-25 16:51:51'),(6087,41,'0',311,'2019-02-25 14:41:28'),(6088,41,'0',311,'2019-02-25 14:41:28'),(6089,41,'0',320,'2019-02-25 14:41:28'),(6090,41,'0',320,'2019-02-25 14:41:28'),(6300,20,'0',296,'2019-02-25 16:14:16'),(6299,20,'0',319,'2019-02-25 16:14:16'),(6093,41,'0',319,'2019-02-25 14:41:28'),(6094,41,'0',319,'2019-02-25 14:41:28'),(6381,20,'0',292,'2019-02-25 16:51:51'),(6380,20,'0',295,'2019-02-25 16:51:51'),(6097,41,'0',311,'2019-02-25 14:42:07'),(6098,41,'0',311,'2019-02-25 14:42:07'),(6099,41,'0',320,'2019-02-25 14:42:07'),(6100,41,'0',320,'2019-02-25 14:42:07'),(6298,20,'0',319,'2019-02-25 16:14:16'),(6297,20,'0',320,'2019-02-25 16:14:16'),(6103,41,'0',319,'2019-02-25 14:42:07'),(6104,41,'0',319,'2019-02-25 14:42:07'),(6105,41,'0',289,'2019-02-25 14:42:59'),(6106,41,'0',289,'2019-02-25 14:42:59'),(6107,41,'0',284,'2019-02-25 14:42:59'),(6108,41,'0',284,'2019-02-25 14:42:59'),(6109,41,'0',265,'2019-02-25 14:42:59'),(6110,41,'0',265,'2019-02-25 14:42:59'),(6111,41,'0',258,'2019-02-25 14:42:59'),(6112,41,'0',258,'2019-02-25 14:42:59'),(6113,41,'0',310,'2019-02-25 14:42:59'),(6114,41,'0',310,'2019-02-25 14:42:59'),(6115,41,'0',257,'2019-02-25 14:43:55'),(6116,41,'0',257,'2019-02-25 14:43:55'),(6117,41,'0',308,'2019-02-25 14:43:55'),(6118,41,'0',308,'2019-02-25 14:43:55'),(6121,41,'0',255,'2019-02-25 14:43:55'),(6122,41,'0',255,'2019-02-25 14:43:55'),(6123,41,'0',257,'2019-02-25 14:44:27'),(6124,41,'0',257,'2019-02-25 14:44:27'),(6125,41,'0',308,'2019-02-25 14:44:27'),(6126,41,'0',308,'2019-02-25 14:44:27'),(6129,41,'0',255,'2019-02-25 14:44:27'),(6130,41,'0',255,'2019-02-25 14:44:27'),(6131,41,'0',257,'2019-02-25 14:44:33'),(6132,41,'0',308,'2019-02-25 14:44:33'),(6134,41,'0',255,'2019-02-25 14:44:33'),(6135,41,'0',257,'2019-02-25 14:45:04'),(6136,41,'0',308,'2019-02-25 14:45:04'),(6138,41,'0',255,'2019-02-25 14:45:04'),(6379,20,'0',299,'2019-02-25 16:51:51'),(6150,41,'0',311,'2019-02-25 14:47:36'),(6151,41,'0',320,'2019-02-25 14:47:36'),(6296,20,'0',320,'2019-02-25 16:14:16'),(6153,41,'0',319,'2019-02-25 14:47:36'),(6378,20,'0',296,'2019-02-25 16:51:51'),(6155,41,'0',311,'2019-02-25 14:47:36'),(6156,41,'0',320,'2019-02-25 14:47:36'),(6295,20,'0',311,'2019-02-25 16:14:16'),(6158,41,'0',319,'2019-02-25 14:47:36'),(6377,20,'0',319,'2019-02-25 16:51:51'),(6160,41,'0',311,'2019-02-25 14:47:41'),(6161,41,'0',320,'2019-02-25 14:47:41'),(6294,20,'0',311,'2019-02-25 16:14:16'),(6164,41,'0',319,'2019-02-25 14:47:41'),(6165,41,'0',311,'2019-02-25 14:47:41'),(6166,41,'0',320,'2019-02-25 14:47:41'),(6293,20,'0',330,'2019-02-25 16:14:16'),(6168,41,'0',319,'2019-02-25 14:47:41'),(6376,20,'0',320,'2019-02-25 16:51:51'),(6170,41,'0',311,'2019-02-25 14:47:44'),(6171,41,'0',320,'2019-02-25 14:47:44'),(6292,20,'0',330,'2019-02-25 16:14:16'),(6173,41,'0',319,'2019-02-25 14:47:44'),(6375,20,'0',311,'2019-02-25 16:51:51'),(6175,41,'0',311,'2019-02-25 14:47:49'),(6176,41,'0',320,'2019-02-25 14:47:49'),(6178,41,'0',319,'2019-02-25 14:47:49'),(6374,20,'0',330,'2019-02-25 16:51:51'),(6180,41,'0',311,'2019-02-25 14:48:36'),(6181,41,'0',320,'2019-02-25 14:48:36'),(6183,41,'0',319,'2019-02-25 14:48:36'),(6422,20,'1',232,'2019-02-25 17:19:47'),(6185,41,'0',311,'2019-02-25 14:48:38'),(6186,41,'0',320,'2019-02-25 14:48:38'),(6188,41,'0',319,'2019-02-25 14:48:38'),(6189,41,'0',296,'2019-02-25 14:48:45'),(6190,41,'0',299,'2019-02-25 14:48:45'),(6191,41,'0',296,'2019-02-25 14:48:45'),(6192,41,'0',295,'2019-02-25 14:48:45'),(6193,41,'0',299,'2019-02-25 14:48:45'),(6194,41,'0',292,'2019-02-25 14:48:45'),(6195,41,'0',295,'2019-02-25 14:48:45'),(6196,41,'0',300,'2019-02-25 14:48:45'),(6197,41,'0',292,'2019-02-25 14:48:45'),(6198,41,'0',300,'2019-02-25 14:48:45'),(6372,20,'0',310,'2019-02-25 16:51:50'),(6200,41,'0',311,'2019-02-25 14:48:47'),(6201,41,'0',320,'2019-02-25 14:48:47'),(6203,41,'0',319,'2019-02-25 14:48:47'),(6371,20,'0',258,'2019-02-25 16:51:50'),(6205,41,'0',311,'2019-02-25 14:48:48'),(6206,41,'0',320,'2019-02-25 14:48:48'),(6208,41,'0',319,'2019-02-25 14:48:48'),(6370,20,'0',265,'2019-02-25 16:51:50'),(6210,41,'0',311,'2019-02-25 14:49:07'),(6211,41,'0',320,'2019-02-25 14:49:07'),(6214,41,'0',319,'2019-02-25 14:49:07'),(6215,41,'0',311,'2019-02-25 14:49:07'),(6216,41,'0',320,'2019-02-25 14:49:07'),(6218,41,'0',319,'2019-02-25 14:49:07'),(6451,20,'0',258,'2019-02-25 17:28:21'),(6220,41,'0',279,'2019-02-25 14:49:13'),(6221,41,'0',271,'2019-02-25 14:49:13'),(6222,41,'0',276,'2019-02-25 14:49:13'),(6223,41,'0',273,'2019-02-25 14:49:13'),(6224,41,'0',278,'2019-02-25 14:49:13'),(6225,41,'0',285,'2019-02-25 14:49:16'),(6226,41,'0',286,'2019-02-25 14:49:26'),(6227,41,'0',286,'2019-02-25 14:49:34'),(6228,41,'0',285,'2019-02-25 14:49:35'),(6229,41,'0',285,'2019-02-25 14:49:36'),(6230,41,'0',286,'2019-02-25 14:49:36'),(6231,41,'0',285,'2019-02-25 14:49:38'),(6242,41,'0',287,'2019-02-25 14:49:39'),(6243,41,'0',287,'2019-02-25 14:49:41'),(6244,41,'0',283,'2019-02-25 14:49:42'),(6245,41,'0',282,'2019-02-25 14:49:42'),(6246,41,'0',285,'2019-02-25 14:49:44'),(6369,20,'0',284,'2019-02-25 16:51:50'),(6248,41,'0',311,'2019-02-25 14:54:53'),(6249,41,'0',320,'2019-02-25 14:54:53'),(6251,41,'0',319,'2019-02-25 14:54:53'),(6252,41,'0',296,'2019-02-25 14:54:57'),(6253,41,'0',296,'2019-02-25 14:54:57'),(6254,41,'0',299,'2019-02-25 14:54:57'),(6255,41,'0',299,'2019-02-25 14:54:57'),(6256,41,'0',295,'2019-02-25 14:54:57'),(6257,41,'0',295,'2019-02-25 14:54:57'),(6258,41,'0',292,'2019-02-25 14:54:57'),(6259,41,'0',292,'2019-02-25 14:54:57'),(6260,41,'0',300,'2019-02-25 14:54:57'),(6261,41,'0',300,'2019-02-25 14:54:57'),(6368,20,'0',289,'2019-02-25 16:51:50'),(6263,41,'0',311,'2019-02-25 14:54:59'),(6264,41,'0',320,'2019-02-25 14:54:59'),(6266,41,'0',319,'2019-02-25 14:54:59'),(6267,41,'0',296,'2019-02-25 14:55:03'),(6268,41,'0',299,'2019-02-25 14:55:03'),(6269,41,'0',295,'2019-02-25 14:55:03'),(6270,41,'0',292,'2019-02-25 14:55:03'),(6271,41,'0',300,'2019-02-25 14:55:03'),(6272,41,'0',296,'2019-02-25 14:55:03'),(6273,41,'0',299,'2019-02-25 14:55:03'),(6274,41,'0',295,'2019-02-25 14:55:03'),(6275,41,'0',292,'2019-02-25 14:55:03'),(6276,41,'0',300,'2019-02-25 14:55:03'),(6367,20,'0',300,'2019-02-25 16:51:50'),(6278,41,'0',311,'2019-02-25 14:55:04'),(6279,41,'0',320,'2019-02-25 14:55:04'),(6281,41,'0',319,'2019-02-25 14:55:04'),(6452,20,'0',310,'2019-02-25 17:28:21'),(6453,20,'0',302,'2019-02-25 17:28:21'),(6454,20,'0',284,'2019-02-25 17:28:22'),(6455,20,'0',265,'2019-02-25 17:28:22'),(6456,20,'0',258,'2019-02-25 17:28:22'),(6457,20,'0',310,'2019-02-25 17:28:22'),(6458,20,'0',302,'2019-02-25 17:28:22'),(6459,20,'0',330,'2019-02-25 17:28:25'),(6460,20,'0',311,'2019-02-25 17:28:25'),(6461,20,'0',320,'2019-02-25 17:28:25'),(6462,20,'0',319,'2019-02-25 17:28:25'),(6463,20,'0',296,'2019-02-25 17:28:25'),(6464,20,'0',284,'2019-02-25 17:28:25'),(6465,20,'0',265,'2019-02-25 17:28:25'),(6466,20,'0',258,'2019-02-25 17:28:25'),(6467,20,'0',310,'2019-02-25 17:28:25'),(6468,20,'0',302,'2019-02-25 17:28:25'),(6469,20,'0',284,'2019-02-25 17:28:25'),(6470,20,'0',265,'2019-02-25 17:28:25'),(6471,20,'0',258,'2019-02-25 17:28:25'),(6472,20,'0',310,'2019-02-25 17:28:25'),(6473,20,'0',302,'2019-02-25 17:28:25'),(6474,20,'0',308,'2019-02-25 17:28:25'),(6476,20,'0',255,'2019-02-25 17:28:25'),(6477,20,'0',330,'2019-02-25 17:29:13'),(6478,20,'0',311,'2019-02-25 17:29:13'),(6479,20,'0',320,'2019-02-25 17:29:13'),(6480,20,'0',319,'2019-02-25 17:29:13'),(6481,20,'0',296,'2019-02-25 17:29:13'),(6482,20,'0',330,'2019-02-25 17:29:15'),(6483,20,'0',311,'2019-02-25 17:29:15'),(6484,20,'0',320,'2019-02-25 17:29:15'),(6485,20,'0',319,'2019-02-25 17:29:15'),(6486,20,'0',296,'2019-02-25 17:29:15'),(6487,20,'0',299,'2019-02-25 17:29:15'),(6488,20,'0',295,'2019-02-25 17:29:15'),(6489,20,'0',292,'2019-02-25 17:29:15'),(6490,20,'0',300,'2019-02-25 17:29:15'),(6491,20,'0',289,'2019-02-25 17:29:15'),(6492,20,'0',330,'2019-02-25 17:29:16'),(6493,20,'0',311,'2019-02-25 17:29:16'),(6494,20,'0',320,'2019-02-25 17:29:16'),(6495,20,'0',319,'2019-02-25 17:29:16'),(6496,20,'0',296,'2019-02-25 17:29:16'),(6497,20,'0',299,'2019-02-25 17:29:16'),(6498,20,'0',295,'2019-02-25 17:29:16'),(6499,20,'0',292,'2019-02-25 17:29:16'),(6500,20,'0',300,'2019-02-25 17:29:16'),(6501,20,'0',289,'2019-02-25 17:29:16'),(6502,20,'0',284,'2019-02-25 17:29:16'),(6503,20,'0',265,'2019-02-25 17:29:16'),(6504,20,'0',258,'2019-02-25 17:29:16'),(6505,20,'0',310,'2019-02-25 17:29:16'),(6506,20,'0',302,'2019-02-25 17:29:16'),(6507,20,'0',330,'2019-02-25 17:29:17'),(6508,20,'0',311,'2019-02-25 17:29:17'),(6509,20,'0',320,'2019-02-25 17:29:17'),(6510,20,'0',319,'2019-02-25 17:29:17'),(6511,20,'0',296,'2019-02-25 17:29:17'),(6512,20,'0',299,'2019-02-25 17:29:17'),(6513,20,'0',295,'2019-02-25 17:29:17'),(6514,20,'0',292,'2019-02-25 17:29:17'),(6515,20,'0',300,'2019-02-25 17:29:17'),(6516,20,'0',289,'2019-02-25 17:29:17'),(6517,20,'0',284,'2019-02-25 17:29:17'),(6518,20,'0',265,'2019-02-25 17:29:17'),(6519,20,'0',258,'2019-02-25 17:29:17'),(6520,20,'0',310,'2019-02-25 17:29:17'),(6521,20,'0',302,'2019-02-25 17:29:17'),(6522,20,'0',301,'2019-02-25 17:29:17'),(6523,20,'0',303,'2019-02-25 17:29:17'),(6524,20,'0',313,'2019-02-25 17:29:17'),(6525,20,'0',312,'2019-02-25 17:29:17'),(6526,20,'0',257,'2019-02-25 17:29:17'),(6527,20,'0',330,'2019-02-25 17:29:18'),(6528,20,'0',311,'2019-02-25 17:29:18'),(6529,20,'0',320,'2019-02-25 17:29:18'),(6530,20,'0',319,'2019-02-25 17:29:18'),(6531,20,'0',296,'2019-02-25 17:29:18'),(6532,20,'0',299,'2019-02-25 17:29:18'),(6533,20,'0',295,'2019-02-25 17:29:18'),(6534,20,'0',292,'2019-02-25 17:29:18'),(6535,20,'0',300,'2019-02-25 17:29:18'),(6536,20,'0',289,'2019-02-25 17:29:18'),(6537,20,'0',284,'2019-02-25 17:29:18'),(6538,20,'0',265,'2019-02-25 17:29:18'),(6539,20,'0',258,'2019-02-25 17:29:18'),(6540,20,'0',310,'2019-02-25 17:29:18'),(6541,20,'0',302,'2019-02-25 17:29:18'),(6542,20,'0',301,'2019-02-25 17:29:18'),(6543,20,'0',303,'2019-02-25 17:29:18'),(6544,20,'0',313,'2019-02-25 17:29:18'),(6545,20,'0',312,'2019-02-25 17:29:18'),(6546,20,'0',257,'2019-02-25 17:29:18'),(6547,20,'0',308,'2019-02-25 17:29:18'),(6549,20,'0',255,'2019-02-25 17:29:18'),(6550,20,'0',330,'2019-02-25 17:29:22'),(6551,20,'0',311,'2019-02-25 17:29:22'),(6552,20,'0',320,'2019-02-25 17:29:22'),(6553,20,'0',319,'2019-02-25 17:29:22'),(6554,20,'0',296,'2019-02-25 17:29:22'),(6555,20,'0',330,'2019-02-25 17:29:22'),(6556,20,'0',311,'2019-02-25 17:29:22'),(6557,20,'0',320,'2019-02-25 17:29:22'),(6558,20,'0',319,'2019-02-25 17:29:22'),(6559,20,'0',296,'2019-02-25 17:29:22'),(6560,20,'0',330,'2019-02-25 17:29:47'),(6561,20,'0',311,'2019-02-25 17:29:47'),(6562,20,'0',320,'2019-02-25 17:29:47'),(6563,20,'0',319,'2019-02-25 17:29:47'),(6564,20,'0',296,'2019-02-25 17:29:47'),(6565,20,'0',299,'2019-02-25 17:29:47'),(6566,20,'0',295,'2019-02-25 17:29:47'),(6567,20,'0',292,'2019-02-25 17:29:47'),(6568,20,'0',300,'2019-02-25 17:29:47'),(6569,20,'0',289,'2019-02-25 17:29:47'),(6570,20,'0',330,'2019-02-25 17:29:47'),(6571,20,'0',311,'2019-02-25 17:29:47'),(6572,20,'0',320,'2019-02-25 17:29:47'),(6573,20,'0',319,'2019-02-25 17:29:47'),(6574,20,'0',296,'2019-02-25 17:29:47'),(6575,20,'0',299,'2019-02-25 17:29:47'),(6576,20,'0',295,'2019-02-25 17:29:47'),(6577,20,'0',292,'2019-02-25 17:29:47'),(6578,20,'0',300,'2019-02-25 17:29:47'),(6579,20,'0',289,'2019-02-25 17:29:47'),(6580,20,'0',299,'2019-02-25 17:29:47'),(6581,20,'0',295,'2019-02-25 17:29:47'),(6582,20,'0',292,'2019-02-25 17:29:47'),(6583,20,'0',300,'2019-02-25 17:29:47'),(6584,20,'0',289,'2019-02-25 17:29:47'),(6585,20,'0',330,'2019-02-25 17:29:49'),(6586,20,'0',311,'2019-02-25 17:29:49'),(6587,20,'0',320,'2019-02-25 17:29:49'),(6588,20,'0',319,'2019-02-25 17:29:49'),(6589,20,'0',296,'2019-02-25 17:29:49'),(6590,20,'0',299,'2019-02-25 17:29:49'),(6591,20,'0',295,'2019-02-25 17:29:49'),(6592,20,'0',292,'2019-02-25 17:29:49'),(6593,20,'0',300,'2019-02-25 17:29:49'),(6594,20,'0',289,'2019-02-25 17:29:49'),(6595,20,'0',299,'2019-02-25 17:29:49'),(6596,20,'0',295,'2019-02-25 17:29:49'),(6597,20,'0',292,'2019-02-25 17:29:49'),(6598,20,'0',300,'2019-02-25 17:29:49'),(6599,20,'0',289,'2019-02-25 17:29:49'),(6600,20,'0',301,'2019-02-25 17:29:49'),(6601,20,'0',303,'2019-02-25 17:29:49'),(6602,20,'0',313,'2019-02-25 17:29:49'),(6603,20,'0',312,'2019-02-25 17:29:49'),(6604,20,'0',257,'2019-02-25 17:29:49'),(6605,20,'0',330,'2019-02-25 17:29:50'),(6606,20,'0',311,'2019-02-25 17:29:50'),(6607,20,'0',320,'2019-02-25 17:29:50'),(6608,20,'0',319,'2019-02-25 17:29:50'),(6609,20,'0',296,'2019-02-25 17:29:50'),(6610,20,'0',299,'2019-02-25 17:29:50'),(6611,20,'0',295,'2019-02-25 17:29:51'),(6612,20,'0',292,'2019-02-25 17:29:51'),(6613,20,'0',300,'2019-02-25 17:29:51'),(6614,20,'0',289,'2019-02-25 17:29:51'),(6615,20,'0',299,'2019-02-25 17:29:51'),(6616,20,'0',295,'2019-02-25 17:29:51'),(6617,20,'0',292,'2019-02-25 17:29:51'),(6618,20,'0',300,'2019-02-25 17:29:51'),(6619,20,'0',289,'2019-02-25 17:29:51'),(6620,20,'0',301,'2019-02-25 17:29:51'),(6621,20,'0',303,'2019-02-25 17:29:51'),(6622,20,'0',313,'2019-02-25 17:29:51'),(6623,20,'0',312,'2019-02-25 17:29:51'),(6624,20,'0',257,'2019-02-25 17:29:51'),(6625,20,'0',308,'2019-02-25 17:29:51'),(6627,20,'0',255,'2019-02-25 17:29:51'),(6628,20,'0',330,'2019-02-25 17:29:53'),(6629,20,'0',311,'2019-02-25 17:29:53'),(6630,20,'0',320,'2019-02-25 17:29:53'),(6631,20,'0',319,'2019-02-25 17:29:53'),(6632,20,'0',296,'2019-02-25 17:29:53'),(6633,20,'0',330,'2019-02-25 17:29:54'),(6634,20,'0',311,'2019-02-25 17:29:54'),(6635,20,'0',320,'2019-02-25 17:29:54'),(6636,20,'0',319,'2019-02-25 17:29:54'),(6637,20,'0',296,'2019-02-25 17:29:54'),(6638,20,'0',333,'2019-02-25 17:31:42'),(6639,20,'0',330,'2019-02-25 17:31:42'),(6640,20,'0',311,'2019-02-25 17:31:42'),(6641,20,'0',320,'2019-02-25 17:31:42'),(6642,20,'0',319,'2019-02-25 17:31:42'),(6643,20,'0',333,'2019-02-25 17:31:46'),(6644,20,'0',330,'2019-02-25 17:31:46'),(6645,20,'0',311,'2019-02-25 17:31:46'),(6646,20,'0',320,'2019-02-25 17:31:46'),(6647,20,'0',319,'2019-02-25 17:31:46'),(6648,20,'0',333,'2019-02-25 17:33:54'),(6649,20,'0',330,'2019-02-25 17:33:54'),(6650,20,'0',311,'2019-02-25 17:33:54'),(6651,20,'0',320,'2019-02-25 17:33:54'),(6652,20,'0',319,'2019-02-25 17:33:54'),(6653,20,'0',333,'2019-02-25 17:33:56'),(6654,20,'0',330,'2019-02-25 17:33:56'),(6655,20,'0',311,'2019-02-25 17:33:57'),(6656,20,'0',320,'2019-02-25 17:33:57'),(6657,20,'0',319,'2019-02-25 17:33:57'),(6658,20,'0',296,'2019-02-25 17:33:57'),(6659,20,'0',299,'2019-02-25 17:33:57'),(6660,20,'0',295,'2019-02-25 17:33:57'),(6661,20,'0',292,'2019-02-25 17:33:57'),(6662,20,'0',300,'2019-02-25 17:33:57'),(6663,20,'0',333,'2019-02-25 17:33:57'),(6664,20,'0',330,'2019-02-25 17:33:57'),(6665,20,'0',311,'2019-02-25 17:33:57'),(6666,20,'0',320,'2019-02-25 17:33:57'),(6667,20,'0',319,'2019-02-25 17:33:57'),(6668,20,'0',296,'2019-02-25 17:33:57'),(6669,20,'0',299,'2019-02-25 17:33:57'),(6670,20,'0',295,'2019-02-25 17:33:57'),(6671,20,'0',292,'2019-02-25 17:33:57'),(6672,20,'0',300,'2019-02-25 17:33:57'),(6673,20,'0',289,'2019-02-25 17:33:57'),(6674,20,'0',284,'2019-02-25 17:33:57'),(6675,20,'0',265,'2019-02-25 17:33:57'),(6676,20,'0',258,'2019-02-25 17:33:58'),(6677,20,'0',310,'2019-02-25 17:33:58'),(6678,20,'0',333,'2019-02-25 17:33:59'),(6679,20,'0',330,'2019-02-25 17:33:59'),(6680,20,'0',311,'2019-02-25 17:33:59'),(6681,20,'0',320,'2019-02-25 17:33:59'),(6682,20,'0',319,'2019-02-25 17:33:59'),(6683,20,'0',296,'2019-02-25 17:33:59'),(6684,20,'0',299,'2019-02-25 17:33:59'),(6685,20,'0',295,'2019-02-25 17:33:59'),(6686,20,'0',292,'2019-02-25 17:33:59'),(6687,20,'0',300,'2019-02-25 17:33:59'),(6688,20,'0',289,'2019-02-25 17:33:59'),(6689,20,'0',284,'2019-02-25 17:33:59'),(6690,20,'0',265,'2019-02-25 17:33:59'),(6691,20,'0',258,'2019-02-25 17:33:59'),(6692,20,'0',310,'2019-02-25 17:33:59'),(6693,20,'0',302,'2019-02-25 17:33:59'),(6694,20,'0',301,'2019-02-25 17:33:59'),(6695,20,'0',303,'2019-02-25 17:33:59'),(6696,20,'0',313,'2019-02-25 17:33:59'),(6697,20,'0',312,'2019-02-25 17:33:59'),(6698,20,'0',333,'2019-02-25 17:34:00'),(6699,20,'0',330,'2019-02-25 17:34:00'),(6700,20,'0',311,'2019-02-25 17:34:00'),(6701,20,'0',320,'2019-02-25 17:34:00'),(6702,20,'0',319,'2019-02-25 17:34:00'),(6703,20,'0',296,'2019-02-25 17:34:00'),(6704,20,'0',299,'2019-02-25 17:34:00'),(6705,20,'0',295,'2019-02-25 17:34:00'),(6706,20,'0',292,'2019-02-25 17:34:00'),(6707,20,'0',300,'2019-02-25 17:34:00'),(6708,20,'0',289,'2019-02-25 17:34:00'),(6709,20,'0',284,'2019-02-25 17:34:00'),(6710,20,'0',265,'2019-02-25 17:34:00'),(6711,20,'0',258,'2019-02-25 17:34:00'),(6712,20,'0',310,'2019-02-25 17:34:00'),(6713,20,'0',302,'2019-02-25 17:34:00'),(6714,20,'0',301,'2019-02-25 17:34:00'),(6715,20,'0',303,'2019-02-25 17:34:00'),(6716,20,'0',313,'2019-02-25 17:34:00'),(6717,20,'0',312,'2019-02-25 17:34:00'),(6718,20,'0',257,'2019-02-25 17:34:00'),(6719,20,'0',308,'2019-02-25 17:34:00'),(6721,20,'0',255,'2019-02-25 17:34:00'),(6722,20,'0',333,'2019-02-25 17:34:05'),(6723,20,'0',330,'2019-02-25 17:34:05'),(6724,20,'0',311,'2019-02-25 17:34:05'),(6725,20,'0',320,'2019-02-25 17:34:05'),(6726,20,'0',319,'2019-02-25 17:34:05'),(6727,20,'0',333,'2019-02-25 17:34:05'),(6728,20,'0',330,'2019-02-25 17:34:05'),(6729,20,'0',311,'2019-02-25 17:34:05'),(6730,20,'0',320,'2019-02-25 17:34:05'),(6731,20,'0',319,'2019-02-25 17:34:05'),(6732,20,'0',300,'2019-02-25 17:35:08'),(6733,20,'0',289,'2019-02-25 17:35:08'),(6734,20,'0',300,'2019-02-25 17:35:08'),(6735,20,'0',284,'2019-02-25 17:35:08'),(6736,20,'0',289,'2019-02-25 17:35:08'),(6737,20,'0',265,'2019-02-25 17:35:08'),(6738,20,'0',284,'2019-02-25 17:35:08'),(6739,20,'0',258,'2019-02-25 17:35:08'),(6740,20,'0',265,'2019-02-25 17:35:08'),(6741,20,'0',258,'2019-02-25 17:35:08'),(6742,20,'0',333,'2019-02-25 17:35:14'),(6743,20,'0',334,'2019-02-25 17:35:14'),(6744,20,'0',330,'2019-02-25 17:35:14'),(6745,20,'0',311,'2019-02-25 17:35:14'),(6746,20,'0',320,'2019-02-25 17:35:14'),(6747,20,'0',333,'2019-02-25 17:35:14'),(6748,20,'0',334,'2019-02-25 17:35:14'),(6749,20,'0',330,'2019-02-25 17:35:14'),(6750,20,'0',311,'2019-02-25 17:35:14'),(6751,20,'0',320,'2019-02-25 17:35:14'),(6752,20,'0',333,'2019-02-25 17:35:16'),(6753,20,'0',334,'2019-02-25 17:35:16'),(6754,20,'0',330,'2019-02-25 17:35:16'),(6755,20,'0',311,'2019-02-25 17:35:16'),(6756,20,'0',320,'2019-02-25 17:35:16'),(6757,20,'0',333,'2019-02-25 17:35:16'),(6758,20,'0',334,'2019-02-25 17:35:16'),(6759,20,'0',330,'2019-02-25 17:35:16'),(6760,20,'0',311,'2019-02-25 17:35:16'),(6761,20,'0',320,'2019-02-25 17:35:16'),(6762,20,'0',333,'2019-02-25 17:35:18'),(6763,20,'0',334,'2019-02-25 17:35:18'),(6764,20,'0',330,'2019-02-25 17:35:18'),(6765,20,'0',311,'2019-02-25 17:35:18'),(6766,20,'0',320,'2019-02-25 17:35:18'),(6767,20,'0',333,'2019-02-25 17:35:20'),(6768,20,'0',334,'2019-02-25 17:35:20'),(6769,20,'0',330,'2019-02-25 17:35:20'),(6770,20,'0',311,'2019-02-25 17:35:20'),(6771,20,'0',320,'2019-02-25 17:35:20'),(6772,20,'0',319,'2019-02-25 17:35:20'),(6773,20,'0',296,'2019-02-25 17:35:20'),(6774,20,'0',299,'2019-02-25 17:35:20'),(6775,20,'0',295,'2019-02-25 17:35:20'),(6776,20,'0',292,'2019-02-25 17:35:20'),(6777,20,'0',333,'2019-02-25 17:35:25'),(6778,20,'0',334,'2019-02-25 17:35:25'),(6779,20,'0',330,'2019-02-25 17:35:25'),(6780,20,'0',311,'2019-02-25 17:35:25'),(6781,20,'0',320,'2019-02-25 17:35:25'),(6782,20,'0',333,'2019-02-25 17:35:25'),(6783,20,'0',334,'2019-02-25 17:35:25'),(6784,20,'0',330,'2019-02-25 17:35:25'),(6785,20,'0',311,'2019-02-25 17:35:25'),(6786,20,'0',320,'2019-02-25 17:35:25'),(6787,20,'0',333,'2019-02-25 17:35:29'),(6788,20,'0',334,'2019-02-25 17:35:29'),(6789,20,'0',330,'2019-02-25 17:35:29'),(6790,20,'0',311,'2019-02-25 17:35:29'),(6791,20,'0',320,'2019-02-25 17:35:29'),(6792,20,'0',333,'2019-02-25 17:38:20'),(6793,20,'0',334,'2019-02-25 17:38:20'),(6794,20,'0',330,'2019-02-25 17:38:20'),(6795,20,'0',311,'2019-02-25 17:38:20'),(6796,20,'0',320,'2019-02-25 17:38:20'),(6797,20,'0',336,'2019-02-25 17:38:22'),(6799,20,'0',336,'2019-02-25 17:38:30'),(7133,21,'0',236,'2019-02-26 14:59:41'),(6801,20,'0',333,'2019-02-25 17:39:43'),(6802,20,'0',334,'2019-02-25 17:39:43'),(6803,20,'0',330,'2019-02-25 17:39:43'),(6804,20,'0',311,'2019-02-25 17:39:43'),(6805,20,'0',320,'2019-02-25 17:39:43'),(6806,20,'1',172,'2019-02-25 17:54:32'),(6807,20,'0',336,'2019-02-26 08:37:26'),(7132,21,'0',337,'2019-02-26 14:59:41'),(6809,20,'0',336,'2019-02-26 08:37:26'),(6811,20,'0',336,'2019-02-26 08:37:30'),(7130,21,'0',236,'2019-02-26 14:59:39'),(6813,20,'0',336,'2019-02-26 08:37:38'),(7129,21,'0',337,'2019-02-26 14:59:39'),(6815,20,'0',336,'2019-02-26 08:40:02'),(6817,20,'0',175,'2019-02-26 08:40:02'),(6818,20,'0',336,'2019-02-26 08:40:12'),(6819,20,'0',336,'2019-02-26 08:40:12'),(6822,20,'0',175,'2019-02-26 08:40:12'),(6823,20,'0',175,'2019-02-26 08:40:12'),(6824,20,'0',336,'2019-02-26 08:40:25'),(6826,20,'0',336,'2019-02-26 08:40:25'),(6828,20,'0',175,'2019-02-26 08:40:25'),(6829,20,'0',175,'2019-02-26 08:40:25'),(6830,20,'0',336,'2019-02-26 08:40:25'),(6832,20,'0',175,'2019-02-26 08:40:25'),(6833,20,'0',336,'2019-02-26 08:40:45'),(6835,20,'0',175,'2019-02-26 08:40:45'),(6836,20,'0',336,'2019-02-26 08:40:45'),(6838,20,'0',175,'2019-02-26 08:40:45'),(6839,20,'0',336,'2019-02-26 08:41:06'),(6841,20,'0',175,'2019-02-26 08:41:06'),(6842,20,'0',336,'2019-02-26 08:41:06'),(6844,20,'0',175,'2019-02-26 08:41:06'),(6845,20,'0',336,'2019-02-26 08:42:28'),(6846,20,'0',336,'2019-02-26 08:42:28'),(6849,20,'1',175,'2019-02-26 08:42:43'),(6851,20,'0',336,'2019-02-26 08:44:58'),(6853,20,'0',336,'2019-02-26 08:44:58'),(6855,20,'0',336,'2019-02-26 08:46:54'),(6856,20,'0',336,'2019-02-26 08:46:54'),(6859,20,'1',182,'2019-02-26 08:47:19'),(6860,20,'0',336,'2019-02-26 08:48:58'),(6862,20,'0',336,'2019-02-26 08:48:58'),(6876,20,'0',336,'2019-02-26 08:53:27'),(6877,20,'0',336,'2019-02-26 08:53:27'),(6880,20,'0',227,'2019-02-26 08:54:45'),(6881,20,'0',336,'2019-02-26 08:54:46'),(6909,20,'0',227,'2019-02-26 08:58:35'),(6910,20,'0',336,'2019-02-26 08:58:46'),(6912,20,'0',336,'2019-02-26 08:59:51'),(6914,20,'0',336,'2019-02-26 08:59:55'),(6916,20,'0',336,'2019-02-26 08:59:56'),(6918,20,'0',227,'2019-02-26 09:00:06'),(6923,20,'0',336,'2019-02-26 09:08:54'),(6925,20,'0',336,'2019-02-26 09:08:54'),(6929,20,'0',227,'2019-02-26 09:09:13'),(6930,20,'0',336,'2019-02-26 09:09:16'),(6932,20,'0',227,'2019-02-26 09:09:20'),(6933,20,'0',336,'2019-02-26 09:09:22'),(6943,20,'0',336,'2019-02-26 09:10:52'),(6945,20,'0',235,'2019-02-26 09:10:57'),(6947,20,'0',227,'2019-02-26 09:11:08'),(6950,20,'0',336,'2019-02-26 09:11:10'),(6963,20,'0',336,'2019-02-26 09:12:36'),(6966,20,'0',236,'2019-02-26 09:13:30'),(6970,20,'0',337,'2019-02-26 09:15:57'),(6973,20,'0',337,'2019-02-26 09:18:03'),(6977,20,'0',337,'2019-02-26 09:25:23'),(6978,20,'1',219,'2019-02-26 09:25:50'),(6983,20,'0',337,'2019-02-26 09:35:45'),(6984,20,'0',336,'2019-02-26 09:35:47'),(6986,20,'0',336,'2019-02-26 09:35:48'),(6988,20,'0',336,'2019-02-26 09:35:50'),(6990,20,'0',336,'2019-02-26 09:35:59'),(6992,20,'0',227,'2019-02-26 09:36:20'),(6993,20,'0',336,'2019-02-26 09:36:23'),(6995,20,'0',336,'2019-02-26 09:36:38'),(6997,20,'0',227,'2019-02-26 09:36:49'),(6998,20,'0',336,'2019-02-26 09:36:51'),(7000,20,'0',336,'2019-02-26 09:37:09'),(7004,20,'1',227,'2019-02-26 09:49:41'),(7005,20,'1',229,'2019-02-26 10:09:56'),(7006,20,'1',230,'2019-02-26 10:24:16'),(7007,21,'1',235,'2019-02-26 11:22:14'),(7008,21,'1',209,'2019-02-26 11:25:47'),(7009,41,'0',336,'2019-02-26 11:41:22'),(7011,41,'0',336,'2019-02-26 11:41:22'),(7013,41,'0',336,'2019-02-26 11:54:02'),(7015,41,'0',336,'2019-02-26 11:54:04'),(7017,41,'0',336,'2019-02-26 11:54:26'),(7019,41,'0',336,'2019-02-26 11:54:28'),(7026,41,'0',336,'2019-02-26 13:28:49'),(7028,41,'0',336,'2019-02-26 13:28:49'),(7035,41,'0',336,'2019-02-26 14:00:03'),(7037,41,'0',336,'2019-02-26 14:00:05'),(7039,41,'0',336,'2019-02-26 14:00:12'),(7041,41,'0',336,'2019-02-26 14:00:18'),(7043,41,'0',336,'2019-02-26 14:00:27'),(7048,21,'1',203,'2019-02-26 14:12:32'),(7045,41,'0',336,'2019-02-26 14:00:27'),(7135,21,'0',337,'2019-02-26 14:59:41'),(7136,21,'0',236,'2019-02-26 14:59:41'),(7138,21,'0',337,'2019-02-26 14:59:42'),(7139,21,'0',236,'2019-02-26 14:59:42'),(7141,21,'0',337,'2019-02-26 14:59:43'),(7142,21,'0',236,'2019-02-26 14:59:43'),(7144,21,'0',338,'2019-02-26 14:59:59'),(7145,21,'0',338,'2019-02-26 14:59:59'),(7146,21,'0',338,'2019-02-26 14:59:59'),(7148,21,'0',338,'2019-02-26 14:59:59'),(7150,21,'0',255,'2019-02-26 15:00:04'),(7168,41,'0',338,'2019-02-26 15:11:59'),(7226,1,'0',345,'2019-02-27 15:52:08'),(7171,41,'0',338,'2019-02-26 15:15:08'),(7172,41,'1',335,'2019-02-26 15:18:46'),(7225,1,'0',345,'2019-02-27 15:52:08'),(7176,21,'1',189,'2019-02-26 15:59:52'),(7177,21,'1',251,'2019-02-26 15:59:59'),(7178,41,'0',337,'2019-02-26 16:07:00'),(7179,41,'0',270,'2019-02-26 16:07:15'),(7180,41,'0',270,'2019-02-26 16:07:16'),(7181,41,'0',275,'2019-02-26 16:07:16'),(7182,41,'0',272,'2019-02-26 16:07:16'),(7183,41,'0',277,'2019-02-26 16:07:16'),(7184,41,'0',274,'2019-02-26 16:07:16'),(7185,41,'0',309,'2019-02-26 16:07:21'),(7186,41,'0',293,'2019-02-26 16:07:21'),(7187,41,'0',297,'2019-02-26 16:07:21'),(7188,41,'0',305,'2019-02-26 16:07:21'),(7189,41,'0',261,'2019-02-26 16:07:22'),(7190,41,'0',268,'2019-02-26 16:07:22'),(7191,41,'0',264,'2019-02-26 16:07:22'),(7192,41,'0',259,'2019-02-26 16:07:22'),(7193,41,'0',267,'2019-02-26 16:07:22'),(7194,41,'0',250,'2019-02-26 16:07:24'),(7195,41,'0',280,'2019-02-26 16:07:24'),(7196,41,'0',288,'2019-02-26 16:07:25'),(7197,41,'0',290,'2019-02-26 16:07:25'),(7198,41,'0',291,'2019-02-26 16:07:25'),(7199,41,'0',262,'2019-02-26 16:07:28'),(7200,41,'0',269,'2019-02-26 16:07:28'),(7201,41,'0',266,'2019-02-26 16:07:28'),(7202,41,'0',281,'2019-02-26 16:07:28'),(7203,21,'1',255,'2019-02-26 16:08:29'),(7214,41,'1',265,'2019-02-26 17:41:12');

/*!40101 SET SQL_MODE=@OLD_SQL_MODE */;
/*!40014 SET FOREIGN_KEY_CHECKS=@OLD_FOREIGN_KEY_CHECKS */;
/*!40014 SET UNIQUE_CHECKS=@OLD_UNIQUE_CHECKS */;
/*!40111 SET SQL_NOTES=@OLD_SQL_NOTES */;
